epoch,step,train_hit1,train_hit10,train_hit20,train_hit3,train_hit5,train_loss,train_mrr,val_t2dv2_hit1,val_t2dv2_hit10,val_t2dv2_hit20,val_t2dv2_hit3,val_t2dv2_hit5,val_t2dv2_loss,val_t2dv2_mrr,val_wt250_hit1,val_wt250_hit10,val_wt250_hit20,val_wt250_hit3,val_wt250_hit5,val_wt250_loss,val_wt250_mrr
0,4,,,,,,0.018372349441051483,,,,,,,,,,,,,,,
0,9,,,,,,0.010001087561249733,,,,,,,,,,,,,,,
0,14,,,,,,0.005090721417218447,,,,,,,,,,,,,,,
0,19,,,,,,0.0031462230253964663,,,,,,,,,,,,,,,
0,24,,,,,,0.0027223024517297745,,,,,,,,,,,,,,,
0,29,,,,,,0.0043508256785571575,,,,,,,,,,,,,,,
0,34,,,,,,0.002173570916056633,,,,,,,,,,,,,,,
0,39,,,,,,0.0023880936205387115,,,,,,,,,,,,,,,
0,44,,,,,,0.0014121042331680655,,,,,,,,,,,,,,,
0,49,,,,,,0.002104277955368161,,,,,,,,,,,,,,,
0,54,,,,,,0.0021160428877919912,,,,,,,,,,,,,,,
0,59,,,,,,0.0021150226239115,,,,,,,,,,,,,,,
0,64,,,,,,0.00026681070448830724,,,,,,,,,,,,,,,
0,69,,,,,,0.0033363522961735725,,,,,,,,,,,,,,,
0,74,,,,,,0.0025207241997122765,,,,,,,,,,,,,,,
0,79,,,,,,0.0027855613734573126,,,,,,,,,,,,,,,
0,84,,,,,,0.0012384995352476835,,,,,,,,,,,,,,,
0,89,,,,,,0.0010637474479153752,,,,,,,,,,,,,,,
0,94,,,,,,0.000449698738520965,,,,,,,,,,,,,,,
0,99,,,,,,0.0005353900487534702,,,,,,,,,,,,,,,
0,104,,,,,,0.0008617432904429734,,,,,,,,,,,,,,,
0,109,,,,,,0.0005005903076380491,,,,,,,,,,,,,,,
0,114,,,,,,0.001042960793711245,,,,,,,,,,,,,,,
0,119,,,,,,0.004025033675134182,,,,,,,,,,,,,,,
0,124,,,,,,0.0002664123603608459,,,,,,,,,,,,,,,
0,129,,,,,,0.00018474156968295574,,,,,,,,,,,,,,,
0,134,,,,,,0.0005930975894443691,,,,,,,,,,,,,,,
0,139,,,,,,0.001629333128221333,,,,,,,,,,,,,,,
0,144,,,,,,0.0007589519955217838,,,,,,,,,,,,,,,
0,149,,,,,,0.00023011797748040408,,,,,,,,,,,,,,,
0,154,,,,,,0.0005366373807191849,,,,,,,,,,,,,,,
0,159,,,,,,0.00018008371989708394,,,,,,,,,,,,,,,
0,164,,,,,,0.0026645942125469446,,,,,,,,,,,,,,,
0,169,,,,,,0.0002940834383480251,,,,,,,,,,,,,,,
0,174,,,,,,0.000610539922490716,,,,,,,,,,,,,,,
0,179,,,,,,0.0017677953001111746,,,,,,,,,,,,,,,
0,184,,,,,,0.0001321744202869013,,,,,,,,,,,,,,,
0,189,,,,,,0.001230553723871708,,,,,,,,,,,,,,,
0,194,,,,,,0.00109879020601511,,,,,,,,,,,,,,,
0,199,,,,,,0.000692622852511704,,,,,,,,,,,,,,,
0,204,,,,,,0.00014086029841564596,,,,,,,,,,,,,,,
0,209,,,,,,0.0002930357295554131,,,,,,,,,,,,,,,
0,214,,,,,,0.0017370941350236535,,,,,,,,,,,,,,,
0,219,,,,,,0.00016876080189831555,,,,,,,,,,,,,,,
0,224,,,,,,0.00020945868163835257,,,,,,,,,,,,,,,
0,229,,,,,,0.0006092845578677952,,,,,,,,,,,,,,,
0,234,,,,,,0.0007755539263598621,,,,,,,,,,,,,,,
0,239,,,,,,0.0007008307729847729,,,,,,,,,,,,,,,
0,244,,,,,,0.0001755229168338701,,,,,,,,,,,,,,,
0,249,,,,,,0.0027309649158269167,,,,,,,,,,,,,,,
0,254,,,,,,0.00037499467725865543,,,,,,,,,,,,,,,
0,259,,,,,,0.0027050687931478024,,,,,,,,,,,,,,,
0,264,,,,,,7.188463496277109e-05,,,,,,,,,,,,,,,
0,269,,,,,,0.00021665736858267337,,,,,,,,,,,,,,,
0,274,,,,,,0.0006245325203053653,,,,,,,,,,,,,,,
0,279,,,,,,0.0005079487455077469,,,,,,,,,,,,,,,
0,284,,,,,,0.0004324712499510497,,,,,,,,,,,,,,,
0,289,,,,,,0.00111997255589813,,,,,,,,,,,,,,,
0,294,,,,,,0.00010698756523197517,,,,,,,,,,,,,,,
0,299,,,,,,0.0005212543183006346,,,,,,,,,,,,,,,
0,304,,,,,,0.000607266032602638,,,,,,,,,,,,,,,
0,309,,,,,,0.0004848026728723198,,,,,,,,,,,,,,,
0,314,,,,,,0.0013622681144624949,,,,,,,,,,,,,,,
0,319,,,,,,0.0010700058192014694,,,,,,,,,,,,,,,
0,324,,,,,,0.0003259987570345402,,,,,,,,,,,,,,,
0,329,,,,,,0.0007458229083567858,,,,,,,,,,,,,,,
0,334,,,,,,0.000943871506024152,,,,,,,,,,,,,,,
0,339,,,,,,0.00038566868170164526,,,,,,,,,,,,,,,
0,344,,,,,,0.00029831595020368695,,,,,,,,,,,,,,,
0,349,,,,,,0.0001198210593429394,,,,,,,,,,,,,,,
0,354,,,,,,0.00031834570108912885,,,,,,,,,,,,,,,
0,359,,,,,,0.0005829820293001831,,,,,,,,,,,,,,,
0,364,,,,,,0.0011828653514385223,,,,,,,,,,,,,,,
0,369,,,,,,0.0008167796768248081,,,,,,,,,,,,,,,
0,374,,,,,,0.0006384370499290526,,,,,,,,,,,,,,,
0,379,,,,,,0.0004699133860412985,,,,,,,,,,,,,,,
0,384,,,,,,0.0008399328798986971,,,,,,,,,,,,,,,
0,389,,,,,,0.00041215543751604855,,,,,,,,,,,,,,,
0,394,,,,,,0.0003692660538945347,,,,,,,,,,,,,,,
0,399,,,,,,0.00012630317360162735,,,,,,,,,,,,,,,
0,404,,,,,,0.00048198705189861357,,,,,,,,,,,,,,,
0,409,,,,,,0.0002676119329407811,,,,,,,,,,,,,,,
0,414,,,,,,0.00034963260986842215,,,,,,,,,,,,,,,
0,419,,,,,,0.004183595534414053,,,,,,,,,,,,,,,
0,424,,,,,,0.00015818397514522076,,,,,,,,,,,,,,,
0,429,,,,,,0.00016303922166116536,,,,,,,,,,,,,,,
0,434,,,,,,0.0056152972392737865,,,,,,,,,,,,,,,
0,439,,,,,,0.00010601897520245984,,,,,,,,,,,,,,,
0,444,,,,,,0.00017382857913617045,,,,,,,,,,,,,,,
0,449,,,,,,0.0011293496936559677,,,,,,,,,,,,,,,
0,454,,,,,,0.0005832809838466346,,,,,,,,,,,,,,,
0,459,,,,,,0.00021821602422278374,,,,,,,,,,,,,,,
0,464,,,,,,0.00036082210135646164,,,,,,,,,,,,,,,
0,469,,,,,,0.000569634314160794,,,,,,,,,,,,,,,
0,474,,,,,,0.00023667594359721988,,,,,,,,,,,,,,,
0,479,,,,,,0.00014764432853553444,,,,,,,,,,,,,,,
0,484,,,,,,0.0002021254040300846,,,,,,,,,,,,,,,
0,489,,,,,,0.0008457551593892276,,,,,,,,,,,,,,,
0,494,,,,,,0.000515728781465441,,,,,,,,,,,,,,,
0,499,,,,,,0.00017437210772186518,,,,,,,,,,,,,,,
0,504,,,,,,0.00033172935945913196,,,,,,,,,,,,,,,
0,509,,,,,,0.00039172862307168543,,,,,,,,,,,,,,,
0,514,,,,,,0.00027132214745506644,,,,,,,,,,,,,,,
0,519,,,,,,0.0007500878418795764,,,,,,,,,,,,,,,
0,524,,,,,,0.0010144811822101474,,,,,,,,,,,,,,,
0,529,,,,,,0.00017344921070616692,,,,,,,,,,,,,,,
0,534,,,,,,0.00016391082317568362,,,,,,,,,,,,,,,
0,539,,,,,,0.0006400637794286013,,,,,,,,,,,,,,,
0,544,,,,,,0.0008082566200755537,,,,,,,,,,,,,,,
0,549,,,,,,0.00019105164392385632,,,,,,,,,,,,,,,
0,554,,,,,,0.0001647677709115669,,,,,,,,,,,,,,,
0,559,,,,,,0.0024462570436298847,,,,,,,,,,,,,,,
0,564,,,,,,0.0005497891688719392,,,,,,,,,,,,,,,
0,569,,,,,,0.0004267501353751868,,,,,,,,,,,,,,,
0,574,,,,,,0.005365102086216211,,,,,,,,,,,,,,,
0,579,,,,,,9.563183266436681e-05,,,,,,,,,,,,,,,
0,584,,,,,,0.0010101463412865996,,,,,,,,,,,,,,,
0,589,,,,,,6.383981235558167e-05,,,,,,,,,,,,,,,
0,594,,,,,,0.00013935072638560086,,,,,,,,,,,,,,,
0,599,,,,,,0.0005331887514330447,,,,,,,,,,,,,,,
0,604,,,,,,0.0004986024578101933,,,,,,,,,,,,,,,
0,609,,,,,,0.0002322615182492882,,,,,,,,,,,,,,,
0,614,,,,,,0.00028610354638658464,,,,,,,,,,,,,,,
0,619,,,,,,6.788832979509607e-05,,,,,,,,,,,,,,,
0,624,,,,,,0.00016295052773784846,,,,,,,,,,,,,,,
0,629,,,,,,0.00034022543695755303,,,,,,,,,,,,,,,
0,634,,,,,,0.00023124503786675632,,,,,,,,,,,,,,,
0,639,,,,,,0.000138205592520535,,,,,,,,,,,,,,,
0,644,,,,,,6.846055475762114e-05,,,,,,,,,,,,,,,
0,649,,,,,,0.00012638595944736153,,,,,,,,,,,,,,,
0,654,,,,,,0.0003348630270920694,,,,,,,,,,,,,,,
0,659,,,,,,0.00029323913622647524,,,,,,,,,,,,,,,
0,664,,,,,,0.0001901914511108771,,,,,,,,,,,,,,,
0,669,,,,,,0.0008333225268870592,,,,,,,,,,,,,,,
0,674,,,,,,0.00013887738168705255,,,,,,,,,,,,,,,
0,679,,,,,,0.00027477170806378126,,,,,,,,,,,,,,,
0,684,,,,,,0.0005436450010165572,,,,,,,,,,,,,,,
0,689,,,,,,0.00017479578673373908,,,,,,,,,,,,,,,
0,694,,,,,,0.0005114754312671721,,,,,,,,,,,,,,,
0,699,,,,,,0.00017583815497346222,,,,,,,,,,,,,,,
0,704,,,,,,0.0001423452195012942,,,,,,,,,,,,,,,
0,709,,,,,,0.00017913633200805634,,,,,,,,,,,,,,,
0,714,,,,,,0.0031735559459775686,,,,,,,,,,,,,,,
0,719,,,,,,0.00035244898754172027,,,,,,,,,,,,,,,
0,724,,,,,,0.00013514587772078812,,,,,,,,,,,,,,,
0,729,,,,,,0.00012690854782704264,,,,,,,,,,,,,,,
0,734,,,,,,7.145653216866776e-05,,,,,,,,,,,,,,,
0,739,,,,,,0.00015425335732288659,,,,,,,,,,,,,,,
0,744,,,,,,0.00011452851322246715,,,,,,,,,,,,,,,
0,749,,,,,,0.00013439216127153486,,,,,,,,,,,,,,,
0,754,,,,,,0.0011387612903490663,,,,,,,,,,,,,,,
0,759,,,,,,6.620302883675322e-05,,,,,,,,,,,,,,,
0,760,,,,,,,,0.6430867910385132,0.909967839717865,0.9308681488037109,0.8151125311851501,0.8504822850227356,0.009086458943784237,0.7399922609329224,0.6060948371887207,0.9221219420433044,0.9638826251029968,0.7821670770645142,0.8386004567146301,0.00884159468114376,0.7120692133903503
0,760,0.8352298736572266,0.9865259528160095,0.9938791990280151,0.9538676738739014,0.9724356532096863,,0.8980391025543213,,,,,,,,,,,,,,
1,764,,,,,,0.00020941341063007712,,,,,,,,,,,,,,,
1,769,,,,,,0.00015891694056335837,,,,,,,,,,,,,,,
1,774,,,,,,7.699488924117759e-05,,,,,,,,,,,,,,,
1,779,,,,,,0.00012872734805569053,,,,,,,,,,,,,,,
1,784,,,,,,0.0003497172147035599,,,,,,,,,,,,,,,
1,789,,,,,,0.0003700890811160207,,,,,,,,,,,,,,,
1,794,,,,,,0.00018414216174278408,,,,,,,,,,,,,,,
1,799,,,,,,0.0008051187032833695,,,,,,,,,,,,,,,
1,804,,,,,,0.00044972903560847044,,,,,,,,,,,,,,,
1,809,,,,,,0.00013107381528243423,,,,,,,,,,,,,,,
1,814,,,,,,0.0002204549527959898,,,,,,,,,,,,,,,
1,819,,,,,,0.00020332653366494924,,,,,,,,,,,,,,,
1,824,,,,,,0.0003314826753921807,,,,,,,,,,,,,,,
1,829,,,,,,0.00017103184654843062,,,,,,,,,,,,,,,
1,834,,,,,,0.00018530507804825902,,,,,,,,,,,,,,,
1,839,,,,,,0.00017492467304691672,,,,,,,,,,,,,,,
1,844,,,,,,0.00014090367767494172,,,,,,,,,,,,,,,
1,849,,,,,,0.00023747225350234658,,,,,,,,,,,,,,,
1,854,,,,,,8.270178659586236e-05,,,,,,,,,,,,,,,
1,859,,,,,,0.00012092040560673922,,,,,,,,,,,,,,,
1,864,,,,,,0.00027811623294837773,,,,,,,,,,,,,,,
1,869,,,,,,7.378933514701203e-05,,,,,,,,,,,,,,,
1,874,,,,,,7.707816257607192e-05,,,,,,,,,,,,,,,
1,879,,,,,,0.0001947068376466632,,,,,,,,,,,,,,,
1,884,,,,,,0.0002593001117929816,,,,,,,,,,,,,,,
1,889,,,,,,0.00016959501954261214,,,,,,,,,,,,,,,
1,894,,,,,,0.000226544652832672,,,,,,,,,,,,,,,
1,899,,,,,,6.55796839055256e-06,,,,,,,,,,,,,,,
1,904,,,,,,2.855985985661391e-05,,,,,,,,,,,,,,,
1,909,,,,,,8.060815889621153e-05,,,,,,,,,,,,,,,
1,914,,,,,,0.0001713706587906927,,,,,,,,,,,,,,,
1,919,,,,,,0.0002447411243338138,,,,,,,,,,,,,,,
1,924,,,,,,0.00012752607290167361,,,,,,,,,,,,,,,
1,929,,,,,,0.00034629469155333936,,,,,,,,,,,,,,,
1,934,,,,,,9.06191926333122e-05,,,,,,,,,,,,,,,
1,939,,,,,,0.0001349555532215163,,,,,,,,,,,,,,,
1,944,,,,,,0.00011498248932184651,,,,,,,,,,,,,,,
1,949,,,,,,0.00012061217421432957,,,,,,,,,,,,,,,
1,954,,,,,,0.000195891028852202,,,,,,,,,,,,,,,
1,959,,,,,,0.0001829490065574646,,,,,,,,,,,,,,,
1,964,,,,,,0.0001550104934722185,,,,,,,,,,,,,,,
1,969,,,,,,0.00020161487918812782,,,,,,,,,,,,,,,
1,974,,,,,,0.00018375992658548057,,,,,,,,,,,,,,,
1,979,,,,,,0.0002421926474198699,,,,,,,,,,,,,,,
1,984,,,,,,0.00025241091498173773,,,,,,,,,,,,,,,
1,989,,,,,,0.00031042107730172575,,,,,,,,,,,,,,,
1,994,,,,,,8.781174983596429e-05,,,,,,,,,,,,,,,
1,999,,,,,,8.440070814685896e-05,,,,,,,,,,,,,,,
1,1004,,,,,,0.0001419559703208506,,,,,,,,,,,,,,,
1,1009,,,,,,0.00010959350765915588,,,,,,,,,,,,,,,
1,1014,,,,,,4.406443622428924e-05,,,,,,,,,,,,,,,
1,1019,,,,,,0.00017809886776376516,,,,,,,,,,,,,,,
1,1024,,,,,,0.00016963131201919168,,,,,,,,,,,,,,,
1,1029,,,,,,6.872265657875687e-05,,,,,,,,,,,,,,,
1,1034,,,,,,0.0003171026473864913,,,,,,,,,,,,,,,
1,1039,,,,,,0.00022944601369090378,,,,,,,,,,,,,,,
1,1044,,,,,,0.000150098858284764,,,,,,,,,,,,,,,
1,1049,,,,,,2.070562004519161e-05,,,,,,,,,,,,,,,
1,1054,,,,,,0.0002476742956787348,,,,,,,,,,,,,,,
1,1059,,,,,,0.0002116498362738639,,,,,,,,,,,,,,,
1,1064,,,,,,0.000355868658516556,,,,,,,,,,,,,,,
1,1069,,,,,,0.00023983254504855722,,,,,,,,,,,,,,,
1,1074,,,,,,0.00013506940740626305,,,,,,,,,,,,,,,
1,1079,,,,,,0.00016809828230179846,,,,,,,,,,,,,,,
1,1084,,,,,,7.377497968263924e-05,,,,,,,,,,,,,,,
1,1089,,,,,,0.0001248952466994524,,,,,,,,,,,,,,,
1,1094,,,,,,0.00011884974082931876,,,,,,,,,,,,,,,
1,1099,,,,,,0.00028335212846286595,,,,,,,,,,,,,,,
1,1104,,,,,,0.00019099297060165554,,,,,,,,,,,,,,,
1,1109,,,,,,3.0508706913678907e-05,,,,,,,,,,,,,,,
1,1114,,,,,,8.467252337140962e-05,,,,,,,,,,,,,,,
1,1119,,,,,,4.963212995789945e-05,,,,,,,,,,,,,,,
1,1124,,,,,,0.0001282597368117422,,,,,,,,,,,,,,,
1,1129,,,,,,0.00025907543022185564,,,,,,,,,,,,,,,
1,1134,,,,,,9.465659240959212e-05,,,,,,,,,,,,,,,
1,1139,,,,,,9.633083391236141e-05,,,,,,,,,,,,,,,
1,1144,,,,,,0.0003427207993809134,,,,,,,,,,,,,,,
1,1149,,,,,,7.582639227621257e-05,,,,,,,,,,,,,,,
1,1154,,,,,,0.00025779291172511876,,,,,,,,,,,,,,,
1,1159,,,,,,8.34491802379489e-05,,,,,,,,,,,,,,,
1,1164,,,,,,0.00015108629304450005,,,,,,,,,,,,,,,
1,1169,,,,,,3.8151909393491223e-05,,,,,,,,,,,,,,,
1,1174,,,,,,0.0001129221054725349,,,,,,,,,,,,,,,
1,1179,,,,,,0.00024088393547572196,,,,,,,,,,,,,,,
1,1184,,,,,,0.0009818626567721367,,,,,,,,,,,,,,,
1,1189,,,,,,0.00029379077022895217,,,,,,,,,,,,,,,
1,1194,,,,,,0.00014768373512197286,,,,,,,,,,,,,,,
1,1199,,,,,,0.0001250038912985474,,,,,,,,,,,,,,,
1,1204,,,,,,0.00017836090410128236,,,,,,,,,,,,,,,
1,1209,,,,,,0.0002266505907755345,,,,,,,,,,,,,,,
1,1214,,,,,,0.00014925164578016847,,,,,,,,,,,,,,,
1,1219,,,,,,8.251315011875704e-05,,,,,,,,,,,,,,,
1,1224,,,,,,0.00013499180204235017,,,,,,,,,,,,,,,
1,1229,,,,,,0.0001686640316620469,,,,,,,,,,,,,,,
1,1234,,,,,,6.204454984981567e-05,,,,,,,,,,,,,,,
1,1239,,,,,,8.113191142911091e-05,,,,,,,,,,,,,,,
1,1244,,,,,,0.00022595013433601707,,,,,,,,,,,,,,,
1,1249,,,,,,0.0003284602425992489,,,,,,,,,,,,,,,
1,1254,,,,,,0.00014968670438975096,,,,,,,,,,,,,,,
1,1259,,,,,,0.00027303260867483914,,,,,,,,,,,,,,,
1,1264,,,,,,0.00021725494298152626,,,,,,,,,,,,,,,
1,1269,,,,,,9.356588270748034e-05,,,,,,,,,,,,,,,
1,1274,,,,,,5.653810876538046e-05,,,,,,,,,,,,,,,
1,1279,,,,,,0.00030084693571552634,,,,,,,,,,,,,,,
1,1284,,,,,,9.789563773665577e-05,,,,,,,,,,,,,,,
1,1289,,,,,,5.093837171443738e-05,,,,,,,,,,,,,,,
1,1294,,,,,,6.761007534805685e-05,,,,,,,,,,,,,,,
1,1299,,,,,,0.00010196943185292184,,,,,,,,,,,,,,,
1,1304,,,,,,0.00024315140035469085,,,,,,,,,,,,,,,
1,1309,,,,,,1.4705003195558675e-05,,,,,,,,,,,,,,,
1,1314,,,,,,0.00031866776407696307,,,,,,,,,,,,,,,
1,1319,,,,,,0.00013083578960504383,,,,,,,,,,,,,,,
1,1324,,,,,,0.00021343622938729823,,,,,,,,,,,,,,,
1,1329,,,,,,7.223041029646993e-05,,,,,,,,,,,,,,,
1,1334,,,,,,0.00015557340520899743,,,,,,,,,,,,,,,
1,1339,,,,,,9.556782606523484e-05,,,,,,,,,,,,,,,
1,1344,,,,,,0.00032023756648413837,,,,,,,,,,,,,,,
1,1349,,,,,,0.00021134302369318902,,,,,,,,,,,,,,,
1,1354,,,,,,0.00011681431351462379,,,,,,,,,,,,,,,
1,1359,,,,,,9.79820906650275e-05,,,,,,,,,,,,,,,
1,1364,,,,,,0.00030452682403847575,,,,,,,,,,,,,,,
1,1369,,,,,,0.0002925907028838992,,,,,,,,,,,,,,,
1,1374,,,,,,0.00018172038835473359,,,,,,,,,,,,,,,
1,1379,,,,,,0.00013069954002276063,,,,,,,,,,,,,,,
1,1384,,,,,,0.0003210830909665674,,,,,,,,,,,,,,,
1,1389,,,,,,6.408191984519362e-05,,,,,,,,,,,,,,,
1,1394,,,,,,9.118181333178654e-05,,,,,,,,,,,,,,,
1,1399,,,,,,0.0002286988019477576,,,,,,,,,,,,,,,
1,1404,,,,,,0.0002984826569445431,,,,,,,,,,,,,,,
1,1409,,,,,,0.00014450729941017926,,,,,,,,,,,,,,,
1,1414,,,,,,8.805366815067828e-05,,,,,,,,,,,,,,,
1,1419,,,,,,0.0001016433525364846,,,,,,,,,,,,,,,
1,1424,,,,,,0.00012294902990106493,,,,,,,,,,,,,,,
1,1429,,,,,,0.00010510222637094557,,,,,,,,,,,,,,,
1,1434,,,,,,0.00019266548042651266,,,,,,,,,,,,,,,
1,1439,,,,,,8.607239578850567e-05,,,,,,,,,,,,,,,
1,1444,,,,,,0.0002715772425290197,,,,,,,,,,,,,,,
1,1449,,,,,,0.00013410609972197562,,,,,,,,,,,,,,,
1,1454,,,,,,8.636288112029433e-05,,,,,,,,,,,,,,,
1,1459,,,,,,0.00024364182900171727,,,,,,,,,,,,,,,
1,1464,,,,,,0.0002589127398096025,,,,,,,,,,,,,,,
1,1469,,,,,,4.043627995997667e-05,,,,,,,,,,,,,,,
1,1474,,,,,,0.00017204045434482396,,,,,,,,,,,,,,,
1,1479,,,,,,0.0002696201263461262,,,,,,,,,,,,,,,
1,1484,,,,,,8.436001371592283e-05,,,,,,,,,,,,,,,
1,1489,,,,,,0.00015567107766401023,,,,,,,,,,,,,,,
1,1494,,,,,,7.652888598386198e-05,,,,,,,,,,,,,,,
1,1499,,,,,,0.00023505448189098388,,,,,,,,,,,,,,,
1,1504,,,,,,0.0001058513589669019,,,,,,,,,,,,,,,
1,1509,,,,,,0.00011005606938851997,,,,,,,,,,,,,,,
1,1514,,,,,,0.0003712140896823257,,,,,,,,,,,,,,,
1,1519,,,,,,0.00010357498831581324,,,,,,,,,,,,,,,
1,1521,,,,,,,,0.6446945071220398,0.9051446914672852,0.9228295683860779,0.8151125311851501,0.8408359885215759,0.00953626912087202,0.7412647008895874,0.6094807982444763,0.9243792295455933,0.9661399722099304,0.7878103852272034,0.8510158061981201,0.008412514813244343,0.7179203033447266
1,1521,0.8747484087944031,0.9965083003044128,0.9993427395820618,0.9771597981452942,0.9895658493041992,,0.9273102283477783,,,,,,,,,,,,,,
2,1524,,,,,,8.747590618440881e-05,,,,,,,,,,,,,,,
2,1529,,,,,,0.00010197961091762409,,,,,,,,,,,,,,,
2,1534,,,,,,9.920207958202809e-05,,,,,,,,,,,,,,,
2,1539,,,,,,0.00021543855837080628,,,,,,,,,,,,,,,
2,1544,,,,,,6.254608160816133e-05,,,,,,,,,,,,,,,
2,1549,,,,,,0.0001548886066302657,,,,,,,,,,,,,,,
2,1554,,,,,,8.75686455401592e-05,,,,,,,,,,,,,,,
2,1559,,,,,,0.00021335729979909956,,,,,,,,,,,,,,,
2,1564,,,,,,0.0002712777932174504,,,,,,,,,,,,,,,
2,1569,,,,,,0.00027872645296156406,,,,,,,,,,,,,,,
2,1574,,,,,,0.00021820797701366246,,,,,,,,,,,,,,,
2,1579,,,,,,4.4288139179116115e-05,,,,,,,,,,,,,,,
2,1584,,,,,,6.466311606345698e-05,,,,,,,,,,,,,,,
2,1589,,,,,,0.00014214104157872498,,,,,,,,,,,,,,,
2,1594,,,,,,0.00034142169170081615,,,,,,,,,,,,,,,
2,1599,,,,,,9.288269211538136e-05,,,,,,,,,,,,,,,
2,1604,,,,,,0.00022165270638652146,,,,,,,,,,,,,,,
2,1609,,,,,,3.248372013331391e-05,,,,,,,,,,,,,,,
2,1614,,,,,,9.363795106764883e-05,,,,,,,,,,,,,,,
2,1619,,,,,,0.00012646081449929625,,,,,,,,,,,,,,,
2,1624,,,,,,2.2228721718420275e-05,,,,,,,,,,,,,,,
2,1629,,,,,,0.00013908950495533645,,,,,,,,,,,,,,,
2,1634,,,,,,9.128393139690161e-05,,,,,,,,,,,,,,,
2,1639,,,,,,6.161115015856922e-05,,,,,,,,,,,,,,,
2,1644,,,,,,3.301108881714754e-05,,,,,,,,,,,,,,,
2,1649,,,,,,0.0002602110034786165,,,,,,,,,,,,,,,
2,1654,,,,,,0.0001783239422366023,,,,,,,,,,,,,,,
2,1659,,,,,,0.00014414962788578123,,,,,,,,,,,,,,,
2,1664,,,,,,0.00010148101137019694,,,,,,,,,,,,,,,
2,1669,,,,,,1.3106168808008078e-05,,,,,,,,,,,,,,,
2,1674,,,,,,8.368827548110858e-05,,,,,,,,,,,,,,,
2,1679,,,,,,0.00012227101251482964,,,,,,,,,,,,,,,
2,1684,,,,,,0.00022074620937928557,,,,,,,,,,,,,,,
2,1689,,,,,,0.00020711550314445049,,,,,,,,,,,,,,,
2,1694,,,,,,0.0002966252213809639,,,,,,,,,,,,,,,
2,1699,,,,,,0.0001497506455052644,,,,,,,,,,,,,,,
2,1704,,,,,,0.0002592754317447543,,,,,,,,,,,,,,,
2,1709,,,,,,0.00011858617654070258,,,,,,,,,,,,,,,
2,1714,,,,,,0.00013379544543568045,,,,,,,,,,,,,,,
2,1719,,,,,,0.00019111284927930683,,,,,,,,,,,,,,,
2,1724,,,,,,0.00012090384552720934,,,,,,,,,,,,,,,
2,1729,,,,,,5.721172783523798e-05,,,,,,,,,,,,,,,
2,1734,,,,,,4.935896868119016e-05,,,,,,,,,,,,,,,
2,1739,,,,,,0.00010876321175601333,,,,,,,,,,,,,,,
2,1744,,,,,,0.00027848739409819245,,,,,,,,,,,,,,,
2,1749,,,,,,0.00028383644530549645,,,,,,,,,,,,,,,
2,1754,,,,,,4.242359136696905e-05,,,,,,,,,,,,,,,
2,1759,,,,,,0.00015124576748348773,,,,,,,,,,,,,,,
2,1764,,,,,,0.00012409558985382318,,,,,,,,,,,,,,,
2,1769,,,,,,0.0002841407840605825,,,,,,,,,,,,,,,
2,1774,,,,,,7.278045814018697e-05,,,,,,,,,,,,,,,
2,1779,,,,,,9.831644274527207e-05,,,,,,,,,,,,,,,
2,1784,,,,,,9.355752263218164e-05,,,,,,,,,,,,,,,
2,1789,,,,,,8.300798799609765e-05,,,,,,,,,,,,,,,
2,1794,,,,,,0.00028643436962738633,,,,,,,,,,,,,,,
2,1799,,,,,,1.1628051652223803e-05,,,,,,,,,,,,,,,
2,1804,,,,,,0.00010415128053864464,,,,,,,,,,,,,,,
2,1809,,,,,,0.00015733936743345112,,,,,,,,,,,,,,,
2,1814,,,,,,0.0002105353050865233,,,,,,,,,,,,,,,
2,1819,,,,,,0.00015782302943989635,,,,,,,,,,,,,,,
2,1824,,,,,,8.538159454474226e-05,,,,,,,,,,,,,,,
2,1829,,,,,,0.00010486327664693817,,,,,,,,,,,,,,,
2,1834,,,,,,0.0001357944856863469,,,,,,,,,,,,,,,
2,1839,,,,,,0.0002846848510671407,,,,,,,,,,,,,,,
2,1844,,,,,,3.401925278012641e-05,,,,,,,,,,,,,,,
2,1849,,,,,,3.6490622733253986e-05,,,,,,,,,,,,,,,
2,1854,,,,,,9.547969239065424e-05,,,,,,,,,,,,,,,
2,1859,,,,,,6.36977783869952e-05,,,,,,,,,,,,,,,
2,1864,,,,,,0.0002295923768542707,,,,,,,,,,,,,,,
2,1869,,,,,,5.525750748347491e-05,,,,,,,,,,,,,,,
2,1874,,,,,,0.00016251647321041673,,,,,,,,,,,,,,,
2,1879,,,,,,9.861442231340334e-05,,,,,,,,,,,,,,,
2,1884,,,,,,9.96183734969236e-05,,,,,,,,,,,,,,,
2,1889,,,,,,6.472592212958261e-05,,,,,,,,,,,,,,,
2,1894,,,,,,5.934796354267746e-05,,,,,,,,,,,,,,,
2,1899,,,,,,0.00015671539586037397,,,,,,,,,,,,,,,
2,1904,,,,,,7.735998224234208e-05,,,,,,,,,,,,,,,
2,1909,,,,,,0.0003260672092437744,,,,,,,,,,,,,,,
2,1914,,,,,,6.276909698499367e-05,,,,,,,,,,,,,,,
2,1919,,,,,,0.00038441127981059253,,,,,,,,,,,,,,,
2,1924,,,,,,5.512393545359373e-05,,,,,,,,,,,,,,,
2,1929,,,,,,0.00015654569142498076,,,,,,,,,,,,,,,
2,1934,,,,,,2.9879396606702358e-05,,,,,,,,,,,,,,,
2,1939,,,,,,6.762539851479232e-05,,,,,,,,,,,,,,,
2,1944,,,,,,6.126971129560843e-05,,,,,,,,,,,,,,,
2,1949,,,,,,0.00018924860341940075,,,,,,,,,,,,,,,
2,1954,,,,,,0.00014556427777279168,,,,,,,,,,,,,,,
2,1959,,,,,,0.00010834121349034831,,,,,,,,,,,,,,,
2,1964,,,,,,6.048470822861418e-05,,,,,,,,,,,,,,,
2,1969,,,,,,0.00020919043163303286,,,,,,,,,,,,,,,
2,1974,,,,,,2.038775164692197e-05,,,,,,,,,,,,,,,
2,1979,,,,,,0.00010544379620114341,,,,,,,,,,,,,,,
2,1984,,,,,,8.864648407325149e-05,,,,,,,,,,,,,,,
2,1989,,,,,,0.00016970672004390508,,,,,,,,,,,,,,,
2,1994,,,,,,3.0267841793829575e-05,,,,,,,,,,,,,,,
2,1999,,,,,,0.00010749208740890026,,,,,,,,,,,,,,,
2,2004,,,,,,9.490195952821523e-05,,,,,,,,,,,,,,,
2,2009,,,,,,0.00017688199295662344,,,,,,,,,,,,,,,
2,2014,,,,,,5.9837024309672415e-05,,,,,,,,,,,,,,,
2,2019,,,,,,6.572037818841636e-05,,,,,,,,,,,,,,,
2,2024,,,,,,0.0001382135524181649,,,,,,,,,,,,,,,
2,2029,,,,,,0.00017092667985707521,,,,,,,,,,,,,,,
2,2034,,,,,,7.79059628257528e-05,,,,,,,,,,,,,,,
2,2039,,,,,,4.380147947813384e-05,,,,,,,,,,,,,,,
2,2044,,,,,,3.401624417165294e-05,,,,,,,,,,,,,,,
2,2049,,,,,,3.8656722608720884e-05,,,,,,,,,,,,,,,
2,2054,,,,,,0.00018637735047377646,,,,,,,,,,,,,,,
2,2059,,,,,,4.5989378122612834e-05,,,,,,,,,,,,,,,
2,2064,,,,,,5.387852434068918e-05,,,,,,,,,,,,,,,
2,2069,,,,,,0.0002394980110693723,,,,,,,,,,,,,,,
2,2074,,,,,,6.031679004081525e-05,,,,,,,,,,,,,,,
2,2079,,,,,,5.5582597269676626e-05,,,,,,,,,,,,,,,
2,2084,,,,,,6.0833979659946635e-05,,,,,,,,,,,,,,,
2,2089,,,,,,0.00015670321590732783,,,,,,,,,,,,,,,
2,2094,,,,,,0.00020265820785425603,,,,,,,,,,,,,,,
2,2099,,,,,,0.0001648579927859828,,,,,,,,,,,,,,,
2,2104,,,,,,0.00021681997168343514,,,,,,,,,,,,,,,
2,2109,,,,,,7.790795643813908e-05,,,,,,,,,,,,,,,
2,2114,,,,,,0.00015184289077296853,,,,,,,,,,,,,,,
2,2119,,,,,,7.273485243786126e-05,,,,,,,,,,,,,,,
2,2124,,,,,,0.00014739911421202123,,,,,,,,,,,,,,,
2,2129,,,,,,0.0005039035459049046,,,,,,,,,,,,,,,
2,2134,,,,,,0.000194103573448956,,,,,,,,,,,,,,,
2,2139,,,,,,4.175176945864223e-05,,,,,,,,,,,,,,,
2,2144,,,,,,0.00013308229972608387,,,,,,,,,,,,,,,
2,2149,,,,,,0.0002459942770656198,,,,,,,,,,,,,,,
2,2154,,,,,,0.00023408501874655485,,,,,,,,,,,,,,,
2,2159,,,,,,0.00017054288764484227,,,,,,,,,,,,,,,
2,2164,,,,,,0.0001866271923063323,,,,,,,,,,,,,,,
2,2169,,,,,,3.0248269467847422e-05,,,,,,,,,,,,,,,
2,2174,,,,,,0.0001428171235602349,,,,,,,,,,,,,,,
2,2179,,,,,,0.00038960942765697837,,,,,,,,,,,,,,,
2,2184,,,,,,0.000143797806231305,,,,,,,,,,,,,,,
2,2189,,,,,,4.680452911998145e-05,,,,,,,,,,,,,,,
2,2194,,,,,,0.000138545292429626,,,,,,,,,,,,,,,
2,2199,,,,,,5.42844099982176e-05,,,,,,,,,,,,,,,
2,2204,,,,,,1.6322948795277625e-05,,,,,,,,,,,,,,,
2,2209,,,,,,0.0001888037659227848,,,,,,,,,,,,,,,
2,2214,,,,,,6.599725020350888e-05,,,,,,,,,,,,,,,
2,2219,,,,,,8.328321564476937e-05,,,,,,,,,,,,,,,
2,2224,,,,,,5.765459354734048e-05,,,,,,,,,,,,,,,
2,2229,,,,,,0.00022284720034804195,,,,,,,,,,,,,,,
2,2234,,,,,,0.00018755040946416557,,,,,,,,,,,,,,,
2,2239,,,,,,0.0002171654487028718,,,,,,,,,,,,,,,
2,2244,,,,,,3.319326424389146e-05,,,,,,,,,,,,,,,
2,2249,,,,,,0.0002204660268034786,,,,,,,,,,,,,,,
2,2254,,,,,,0.0002393424801994115,,,,,,,,,,,,,,,
2,2259,,,,,,7.935291068861261e-05,,,,,,,,,,,,,,,
2,2264,,,,,,9.608030813978985e-05,,,,,,,,,,,,,,,
2,2269,,,,,,2.5072547941817902e-05,,,,,,,,,,,,,,,
2,2274,,,,,,0.0001253531954716891,,,,,,,,,,,,,,,
2,2279,,,,,,0.00017631509399507195,,,,,,,,,,,,,,,
2,2282,,,,,,,,0.647909939289093,0.9083601236343384,0.9260450005531311,0.8167202472686768,0.8440514206886292,0.009715944528579712,0.7434921860694885,0.6139954924583435,0.9232506155967712,0.9661399722099304,0.7990970611572266,0.8532731533050537,0.008319355547428131,0.7236238121986389
2,2282,0.8961098194122314,0.9991373419761658,0.999835729598999,0.9850881695747375,0.9949883222579956,,0.9414470195770264,,,,,,,,,,,,,,
3,2284,,,,,,8.718841127119958e-05,,,,,,,,,,,,,,,
3,2289,,,,,,4.102913226233795e-05,,,,,,,,,,,,,,,
3,2294,,,,,,0.0001440369669580832,,,,,,,,,,,,,,,
3,2299,,,,,,2.913545358751435e-05,,,,,,,,,,,,,,,
3,2304,,,,,,0.0003667504934128374,,,,,,,,,,,,,,,
3,2309,,,,,,5.370700455387123e-05,,,,,,,,,,,,,,,
3,2314,,,,,,0.00014235713751986623,,,,,,,,,,,,,,,
3,2319,,,,,,6.488881626864895e-05,,,,,,,,,,,,,,,
3,2324,,,,,,0.00012564512144308537,,,,,,,,,,,,,,,
3,2329,,,,,,5.3893058066023514e-05,,,,,,,,,,,,,,,
3,2334,,,,,,4.715209797723219e-05,,,,,,,,,,,,,,,
3,2339,,,,,,2.8307300453889184e-05,,,,,,,,,,,,,,,
3,2344,,,,,,3.751790791284293e-05,,,,,,,,,,,,,,,
3,2349,,,,,,0.0003586904495023191,,,,,,,,,,,,,,,
3,2354,,,,,,5.835987758473493e-05,,,,,,,,,,,,,,,
3,2359,,,,,,4.39975228800904e-05,,,,,,,,,,,,,,,
3,2364,,,,,,7.001705671427771e-05,,,,,,,,,,,,,,,
3,2369,,,,,,0.0001125594208133407,,,,,,,,,,,,,,,
3,2374,,,,,,1.5346406144089997e-05,,,,,,,,,,,,,,,
3,2379,,,,,,9.144457726506516e-05,,,,,,,,,,,,,,,
3,2384,,,,,,9.556516306474805e-05,,,,,,,,,,,,,,,
3,2389,,,,,,0.00019871215044986457,,,,,,,,,,,,,,,
3,2394,,,,,,7.57071393309161e-05,,,,,,,,,,,,,,,
3,2399,,,,,,3.9835507777752355e-05,,,,,,,,,,,,,,,
3,2404,,,,,,0.00017658312572166324,,,,,,,,,,,,,,,
3,2409,,,,,,2.6413201339892112e-05,,,,,,,,,,,,,,,
3,2414,,,,,,0.00023224667529575527,,,,,,,,,,,,,,,
3,2419,,,,,,0.0001726491464069113,,,,,,,,,,,,,,,
3,2424,,,,,,0.00012119462917326018,,,,,,,,,,,,,,,
3,2429,,,,,,9.411670180270448e-05,,,,,,,,,,,,,,,
3,2434,,,,,,7.369305967586115e-05,,,,,,,,,,,,,,,
3,2439,,,,,,0.0002604137116577476,,,,,,,,,,,,,,,
3,2444,,,,,,7.006466330494732e-05,,,,,,,,,,,,,,,
3,2449,,,,,,3.5017812479054555e-05,,,,,,,,,,,,,,,
3,2454,,,,,,0.00018081723828800023,,,,,,,,,,,,,,,
3,2459,,,,,,4.767302380059846e-05,,,,,,,,,,,,,,,
3,2464,,,,,,5.885399514227174e-05,,,,,,,,,,,,,,,
3,2469,,,,,,1.2730118214676622e-05,,,,,,,,,,,,,,,
3,2474,,,,,,9.331901674158871e-05,,,,,,,,,,,,,,,
3,2479,,,,,,6.79958175169304e-05,,,,,,,,,,,,,,,
3,2484,,,,,,0.00011487042502267286,,,,,,,,,,,,,,,
3,2489,,,,,,0.00021010611089877784,,,,,,,,,,,,,,,
3,2494,,,,,,4.5282831706572324e-05,,,,,,,,,,,,,,,
3,2499,,,,,,0.00012532775872386992,,,,,,,,,,,,,,,
3,2504,,,,,,4.885418456979096e-05,,,,,,,,,,,,,,,
3,2509,,,,,,8.534062362741679e-05,,,,,,,,,,,,,,,
3,2514,,,,,,8.187670755432919e-05,,,,,,,,,,,,,,,
3,2519,,,,,,0.0001675898238318041,,,,,,,,,,,,,,,
3,2524,,,,,,0.0001424398651579395,,,,,,,,,,,,,,,
3,2529,,,,,,0.0001319022267125547,,,,,,,,,,,,,,,
3,2534,,,,,,1.2294774023757782e-05,,,,,,,,,,,,,,,
3,2539,,,,,,0.00044526613783091307,,,,,,,,,,,,,,,
3,2544,,,,,,0.00016144478286150843,,,,,,,,,,,,,,,
3,2549,,,,,,0.00011978999827988446,,,,,,,,,,,,,,,
3,2554,,,,,,4.735659240395762e-05,,,,,,,,,,,,,,,
3,2559,,,,,,9.149430843535811e-05,,,,,,,,,,,,,,,
3,2564,,,,,,7.43915225029923e-05,,,,,,,,,,,,,,,
3,2569,,,,,,1.6653584680170752e-05,,,,,,,,,,,,,,,
3,2574,,,,,,0.0001038884001900442,,,,,,,,,,,,,,,
3,2579,,,,,,5.9703339502448216e-05,,,,,,,,,,,,,,,
3,2584,,,,,,4.4757263822248206e-05,,,,,,,,,,,,,,,
3,2589,,,,,,0.00010109936556546018,,,,,,,,,,,,,,,
3,2594,,,,,,9.565490472596139e-05,,,,,,,,,,,,,,,
3,2599,,,,,,0.0001444783410988748,,,,,,,,,,,,,,,
3,2604,,,,,,5.3957726777298376e-05,,,,,,,,,,,,,,,
3,2609,,,,,,4.079161226400174e-05,,,,,,,,,,,,,,,
3,2614,,,,,,3.660741640487686e-05,,,,,,,,,,,,,,,
3,2619,,,,,,0.00012056392733938992,,,,,,,,,,,,,,,
3,2624,,,,,,7.824262866051868e-05,,,,,,,,,,,,,,,
3,2629,,,,,,3.2953186746453866e-05,,,,,,,,,,,,,,,
3,2634,,,,,,0.00017866604321170598,,,,,,,,,,,,,,,
3,2639,,,,,,0.00022503930085804313,,,,,,,,,,,,,,,
3,2644,,,,,,9.256213525077328e-05,,,,,,,,,,,,,,,
3,2649,,,,,,3.6176246794639155e-05,,,,,,,,,,,,,,,
3,2654,,,,,,0.00010108185961144045,,,,,,,,,,,,,,,
3,2659,,,,,,4.74676453450229e-05,,,,,,,,,,,,,,,
3,2664,,,,,,6.420145655283704e-05,,,,,,,,,,,,,,,
3,2669,,,,,,0.00011218188592465594,,,,,,,,,,,,,,,
3,2674,,,,,,5.0640301196835935e-05,,,,,,,,,,,,,,,
3,2679,,,,,,0.0001012216744129546,,,,,,,,,,,,,,,
3,2684,,,,,,4.209112739772536e-05,,,,,,,,,,,,,,,
3,2689,,,,,,3.4934328141389415e-05,,,,,,,,,,,,,,,
3,2694,,,,,,0.00013479262997861952,,,,,,,,,,,,,,,
3,2699,,,,,,3.310688043711707e-05,,,,,,,,,,,,,,,
3,2704,,,,,,0.0001090451842173934,,,,,,,,,,,,,,,
3,2709,,,,,,0.00014295015716925263,,,,,,,,,,,,,,,
3,2714,,,,,,2.5486100639682263e-05,,,,,,,,,,,,,,,
3,2719,,,,,,4.883538349531591e-05,,,,,,,,,,,,,,,
3,2724,,,,,,8.247698860941455e-05,,,,,,,,,,,,,,,
3,2729,,,,,,0.00036803269176743925,,,,,,,,,,,,,,,
3,2734,,,,,,0.00010464777005836368,,,,,,,,,,,,,,,
3,2739,,,,,,4.094519681530073e-05,,,,,,,,,,,,,,,
3,2744,,,,,,0.0002055055956589058,,,,,,,,,,,,,,,
3,2749,,,,,,1.0547510100877844e-05,,,,,,,,,,,,,,,
3,2754,,,,,,0.0002715351292863488,,,,,,,,,,,,,,,
3,2759,,,,,,0.0002509144542273134,,,,,,,,,,,,,,,
3,2764,,,,,,0.00011859437654493377,,,,,,,,,,,,,,,
3,2769,,,,,,0.00025615128106437624,,,,,,,,,,,,,,,
3,2774,,,,,,0.00010499305062694475,,,,,,,,,,,,,,,
3,2779,,,,,,0.0002549565979279578,,,,,,,,,,,,,,,
3,2784,,,,,,0.00014507495507132262,,,,,,,,,,,,,,,
3,2789,,,,,,0.00020938501984346658,,,,,,,,,,,,,,,
3,2794,,,,,,2.1952133465674706e-05,,,,,,,,,,,,,,,
3,2799,,,,,,8.875870116753504e-05,,,,,,,,,,,,,,,
3,2804,,,,,,0.0002308076072949916,,,,,,,,,,,,,,,
3,2809,,,,,,0.00021053827367722988,,,,,,,,,,,,,,,
3,2814,,,,,,0.0002520387643016875,,,,,,,,,,,,,,,
3,2819,,,,,,7.232576899696141e-05,,,,,,,,,,,,,,,
3,2824,,,,,,4.268015982233919e-05,,,,,,,,,,,,,,,
3,2829,,,,,,3.080785245401785e-05,,,,,,,,,,,,,,,
3,2834,,,,,,0.0001907771802507341,,,,,,,,,,,,,,,
3,2839,,,,,,4.8513007641304284e-05,,,,,,,,,,,,,,,
3,2844,,,,,,9.118142770603299e-05,,,,,,,,,,,,,,,
3,2849,,,,,,5.334795787348412e-05,,,,,,,,,,,,,,,
3,2854,,,,,,2.877015867852606e-05,,,,,,,,,,,,,,,
3,2859,,,,,,5.8300091041019186e-05,,,,,,,,,,,,,,,
3,2864,,,,,,0.00010555763583397493,,,,,,,,,,,,,,,
3,2869,,,,,,4.241865826770663e-05,,,,,,,,,,,,,,,
3,2874,,,,,,4.274897219147533e-05,,,,,,,,,,,,,,,
3,2879,,,,,,0.00016404647612944245,,,,,,,,,,,,,,,
3,2884,,,,,,9.35677599045448e-05,,,,,,,,,,,,,,,
3,2889,,,,,,4.9465405027149245e-05,,,,,,,,,,,,,,,
3,2894,,,,,,0.00014578406990040094,,,,,,,,,,,,,,,
3,2899,,,,,,5.170923759578727e-05,,,,,,,,,,,,,,,
3,2904,,,,,,0.00019093973969575018,,,,,,,,,,,,,,,
3,2909,,,,,,0.00012788311869371682,,,,,,,,,,,,,,,
3,2914,,,,,,0.00011281726619927213,,,,,,,,,,,,,,,
3,2919,,,,,,0.0002187127247452736,,,,,,,,,,,,,,,
3,2924,,,,,,7.412982813548297e-05,,,,,,,,,,,,,,,
3,2929,,,,,,9.002762817544863e-05,,,,,,,,,,,,,,,
3,2934,,,,,,3.2316831493517384e-05,,,,,,,,,,,,,,,
3,2939,,,,,,2.5406307031516917e-05,,,,,,,,,,,,,,,
3,2944,,,,,,7.383193587884307e-05,,,,,,,,,,,,,,,
3,2949,,,,,,0.0001530544541310519,,,,,,,,,,,,,,,
3,2954,,,,,,3.679106157505885e-05,,,,,,,,,,,,,,,
3,2959,,,,,,4.130736488150433e-05,,,,,,,,,,,,,,,
3,2964,,,,,,5.0902472139569e-05,,,,,,,,,,,,,,,
3,2969,,,,,,7.240063860081136e-05,,,,,,,,,,,,,,,
3,2974,,,,,,4.9147849495057017e-05,,,,,,,,,,,,,,,
3,2979,,,,,,1.601654184923973e-05,,,,,,,,,,,,,,,
3,2984,,,,,,0.00024943373864516616,,,,,,,,,,,,,,,
3,2989,,,,,,7.252876093843952e-05,,,,,,,,,,,,,,,
3,2994,,,,,,7.608516898471862e-05,,,,,,,,,,,,,,,
3,2999,,,,,,0.00010118784121004865,,,,,,,,,,,,,,,
3,3004,,,,,,7.77382665546611e-05,,,,,,,,,,,,,,,
3,3009,,,,,,7.99911649664864e-05,,,,,,,,,,,,,,,
3,3014,,,,,,5.165878246771172e-05,,,,,,,,,,,,,,,
3,3019,,,,,,8.991797221824527e-05,,,,,,,,,,,,,,,
3,3024,,,,,,7.720616122242063e-05,,,,,,,,,,,,,,,
3,3029,,,,,,0.0001652110368013382,,,,,,,,,,,,,,,
3,3034,,,,,,0.00023573356156703085,,,,,,,,,,,,,,,
3,3039,,,,,,1.0200623364653438e-05,,,,,,,,,,,,,,,
3,3043,,,,,,,,0.6463022232055664,0.9115755558013916,0.9276527166366577,0.8167202472686768,0.8424437046051025,0.009572915732860565,0.7421445846557617,0.6343115568161011,0.9243792295455933,0.9661399722099304,0.7889390587806702,0.8544018268585205,0.007941382005810738,0.7347213625907898
3,3043,0.920141339302063,0.9997535347938538,1.0,0.9894425868988037,0.9971655607223511,,0.9551735520362854,,,,,,,,,,,,,,
4,3044,,,,,,1.5958285075612366e-05,,,,,,,,,,,,,,,
4,3049,,,,,,0.00014559195551555604,,,,,,,,,,,,,,,
4,3054,,,,,,0.00011789700511144474,,,,,,,,,,,,,,,
4,3059,,,,,,0.00012538830924313515,,,,,,,,,,,,,,,
4,3064,,,,,,4.12451772717759e-05,,,,,,,,,,,,,,,
4,3069,,,,,,4.568316580844112e-05,,,,,,,,,,,,,,,
4,3074,,,,,,0.00014467936125583947,,,,,,,,,,,,,,,
4,3079,,,,,,8.871222235029563e-05,,,,,,,,,,,,,,,
4,3084,,,,,,2.5900890250341035e-05,,,,,,,,,,,,,,,
4,3089,,,,,,5.319966294337064e-05,,,,,,,,,,,,,,,
4,3094,,,,,,0.00033709703711792827,,,,,,,,,,,,,,,
4,3099,,,,,,5.1064045692328364e-05,,,,,,,,,,,,,,,
4,3104,,,,,,5.275772127788514e-05,,,,,,,,,,,,,,,
4,3109,,,,,,0.00011474295752122998,,,,,,,,,,,,,,,
4,3114,,,,,,3.895139889209531e-05,,,,,,,,,,,,,,,
4,3119,,,,,,6.942064374015899e-06,,,,,,,,,,,,,,,
4,3124,,,,,,8.949023322202265e-05,,,,,,,,,,,,,,,
4,3129,,,,,,9.827351459534839e-05,,,,,,,,,,,,,,,
4,3134,,,,,,4.835909930989146e-05,,,,,,,,,,,,,,,
4,3139,,,,,,8.226092904806137e-05,,,,,,,,,,,,,,,
4,3144,,,,,,0.00014459231169894338,,,,,,,,,,,,,,,
4,3149,,,,,,0.00013478490291163325,,,,,,,,,,,,,,,
4,3154,,,,,,0.00014557210670318455,,,,,,,,,,,,,,,
4,3159,,,,,,6.189728082972579e-06,,,,,,,,,,,,,,,
4,3164,,,,,,9.300913370680064e-05,,,,,,,,,,,,,,,
4,3169,,,,,,1.2038179193041287e-05,,,,,,,,,,,,,,,
4,3174,,,,,,1.9991803128505126e-05,,,,,,,,,,,,,,,
4,3179,,,,,,7.932510925456882e-05,,,,,,,,,,,,,,,
4,3184,,,,,,4.055724639329128e-05,,,,,,,,,,,,,,,
4,3189,,,,,,7.2021248342935e-05,,,,,,,,,,,,,,,
4,3194,,,,,,6.358957034535706e-05,,,,,,,,,,,,,,,
4,3199,,,,,,9.153733117273077e-05,,,,,,,,,,,,,,,
4,3204,,,,,,0.00012001200957456604,,,,,,,,,,,,,,,
4,3209,,,,,,3.483907858026214e-05,,,,,,,,,,,,,,,
4,3214,,,,,,0.00016565938130952418,,,,,,,,,,,,,,,
4,3219,,,,,,5.85753186896909e-05,,,,,,,,,,,,,,,
4,3224,,,,,,2.9577438908745535e-05,,,,,,,,,,,,,,,
4,3229,,,,,,4.746628110297024e-05,,,,,,,,,,,,,,,
4,3234,,,,,,5.9941648942185566e-05,,,,,,,,,,,,,,,
4,3239,,,,,,3.864735845127143e-05,,,,,,,,,,,,,,,
4,3244,,,,,,0.0002067731984425336,,,,,,,,,,,,,,,
4,3249,,,,,,6.800662231398746e-05,,,,,,,,,,,,,,,
4,3254,,,,,,7.431876292685047e-05,,,,,,,,,,,,,,,
4,3259,,,,,,0.00011888138396898285,,,,,,,,,,,,,,,
4,3264,,,,,,0.00021082261810079217,,,,,,,,,,,,,,,
4,3269,,,,,,4.307589915697463e-05,,,,,,,,,,,,,,,
4,3274,,,,,,0.00022245752916205674,,,,,,,,,,,,,,,
4,3279,,,,,,7.484892557840794e-05,,,,,,,,,,,,,,,
4,3284,,,,,,3.560386903700419e-05,,,,,,,,,,,,,,,
4,3289,,,,,,6.84484257362783e-05,,,,,,,,,,,,,,,
4,3294,,,,,,4.342287502367981e-05,,,,,,,,,,,,,,,
4,3299,,,,,,0.00025115738390013576,,,,,,,,,,,,,,,
4,3304,,,,,,5.094401421956718e-05,,,,,,,,,,,,,,,
4,3309,,,,,,0.00026210834039375186,,,,,,,,,,,,,,,
4,3314,,,,,,1.7052117982530035e-05,,,,,,,,,,,,,,,
4,3319,,,,,,5.757690087193623e-05,,,,,,,,,,,,,,,
4,3324,,,,,,0.0001242028665728867,,,,,,,,,,,,,,,
4,3329,,,,,,0.00013334324466995895,,,,,,,,,,,,,,,
4,3334,,,,,,4.0163467929232866e-05,,,,,,,,,,,,,,,
4,3339,,,,,,7.006529631325975e-05,,,,,,,,,,,,,,,
4,3344,,,,,,0.00021623207430820912,,,,,,,,,,,,,,,
4,3349,,,,,,5.920840703765862e-05,,,,,,,,,,,,,,,
4,3354,,,,,,7.327352068386972e-05,,,,,,,,,,,,,,,
4,3359,,,,,,4.4258005800656974e-05,,,,,,,,,,,,,,,
4,3364,,,,,,8.97948702913709e-05,,,,,,,,,,,,,,,
4,3369,,,,,,3.314871355541982e-05,,,,,,,,,,,,,,,
4,3374,,,,,,0.00013174705964047462,,,,,,,,,,,,,,,
4,3379,,,,,,0.00010722727165557444,,,,,,,,,,,,,,,
4,3384,,,,,,5.202868123888038e-05,,,,,,,,,,,,,,,
4,3389,,,,,,1.4812191693636123e-05,,,,,,,,,,,,,,,
4,3394,,,,,,0.0001591886393725872,,,,,,,,,,,,,,,
4,3399,,,,,,6.242440576897934e-05,,,,,,,,,,,,,,,
4,3404,,,,,,2.871541255444754e-05,,,,,,,,,,,,,,,
4,3409,,,,,,0.00011410990555305034,,,,,,,,,,,,,,,
4,3414,,,,,,0.00022664060816168785,,,,,,,,,,,,,,,
4,3419,,,,,,0.0001968229335034266,,,,,,,,,,,,,,,
4,3424,,,,,,2.4210019546444528e-05,,,,,,,,,,,,,,,
4,3429,,,,,,0.00018464789900463074,,,,,,,,,,,,,,,
4,3434,,,,,,6.878247950226068e-05,,,,,,,,,,,,,,,
4,3439,,,,,,0.00026161601999774575,,,,,,,,,,,,,,,
4,3444,,,,,,4.092011658940464e-05,,,,,,,,,,,,,,,
4,3449,,,,,,0.00010609917808324099,,,,,,,,,,,,,,,
4,3454,,,,,,7.807963993400335e-05,,,,,,,,,,,,,,,
4,3459,,,,,,8.408730354858562e-05,,,,,,,,,,,,,,,
4,3464,,,,,,2.043349559244234e-05,,,,,,,,,,,,,,,
4,3469,,,,,,5.048709499533288e-05,,,,,,,,,,,,,,,
4,3474,,,,,,0.00012395116209518164,,,,,,,,,,,,,,,
4,3479,,,,,,8.143822924466804e-05,,,,,,,,,,,,,,,
4,3484,,,,,,4.127841384615749e-05,,,,,,,,,,,,,,,
4,3489,,,,,,0.00019193693879060447,,,,,,,,,,,,,,,
4,3494,,,,,,9.41410253290087e-05,,,,,,,,,,,,,,,
4,3499,,,,,,5.3444597142515704e-05,,,,,,,,,,,,,,,
4,3504,,,,,,4.815829743165523e-05,,,,,,,,,,,,,,,
4,3509,,,,,,2.2604353944188915e-05,,,,,,,,,,,,,,,
4,3514,,,,,,2.3437347408616915e-05,,,,,,,,,,,,,,,
4,3519,,,,,,0.00019679889373946935,,,,,,,,,,,,,,,
4,3524,,,,,,0.00012159771722508594,,,,,,,,,,,,,,,
4,3529,,,,,,3.080858368775807e-05,,,,,,,,,,,,,,,
4,3534,,,,,,3.1583465897710994e-05,,,,,,,,,,,,,,,
4,3539,,,,,,9.683246753411368e-05,,,,,,,,,,,,,,,
4,3544,,,,,,0.00012253930617589504,,,,,,,,,,,,,,,
4,3549,,,,,,4.157378134550527e-05,,,,,,,,,,,,,,,
4,3554,,,,,,6.398044934030622e-05,,,,,,,,,,,,,,,
4,3559,,,,,,0.00011239341256441548,,,,,,,,,,,,,,,
4,3564,,,,,,4.8517897084821016e-05,,,,,,,,,,,,,,,
4,3569,,,,,,0.00017808923439588398,,,,,,,,,,,,,,,
4,3574,,,,,,2.833236794685945e-05,,,,,,,,,,,,,,,
4,3579,,,,,,2.7753034373745322e-05,,,,,,,,,,,,,,,
4,3584,,,,,,0.0002199203590862453,,,,,,,,,,,,,,,
4,3589,,,,,,0.00014218981959857047,,,,,,,,,,,,,,,
4,3594,,,,,,0.0001807112857932225,,,,,,,,,,,,,,,
4,3599,,,,,,0.00013709386985283345,,,,,,,,,,,,,,,
4,3604,,,,,,9.141678310697898e-05,,,,,,,,,,,,,,,
4,3609,,,,,,6.199248309712857e-05,,,,,,,,,,,,,,,
4,3614,,,,,,5.1250764954602346e-05,,,,,,,,,,,,,,,
4,3619,,,,,,7.407242082990706e-05,,,,,,,,,,,,,,,
4,3624,,,,,,7.470720447599888e-05,,,,,,,,,,,,,,,
4,3629,,,,,,0.00010058144835056737,,,,,,,,,,,,,,,
4,3634,,,,,,3.4004810004262254e-05,,,,,,,,,,,,,,,
4,3639,,,,,,0.0001266400795429945,,,,,,,,,,,,,,,
4,3644,,,,,,4.496998371905647e-05,,,,,,,,,,,,,,,
4,3649,,,,,,7.855612057028338e-05,,,,,,,,,,,,,,,
4,3654,,,,,,4.850424011237919e-05,,,,,,,,,,,,,,,
4,3659,,,,,,5.911507105338387e-05,,,,,,,,,,,,,,,
4,3664,,,,,,3.2344400096917525e-05,,,,,,,,,,,,,,,
4,3669,,,,,,0.00010091850708704442,,,,,,,,,,,,,,,
4,3674,,,,,,7.622100383741781e-05,,,,,,,,,,,,,,,
4,3679,,,,,,1.3123608368914574e-05,,,,,,,,,,,,,,,
4,3684,,,,,,1.8264581740368158e-05,,,,,,,,,,,,,,,
4,3689,,,,,,3.5810659028356895e-05,,,,,,,,,,,,,,,
4,3694,,,,,,3.0244607842178084e-05,,,,,,,,,,,,,,,
4,3699,,,,,,7.303653546841815e-05,,,,,,,,,,,,,,,
4,3704,,,,,,6.359167309710756e-05,,,,,,,,,,,,,,,
4,3709,,,,,,6.176285387482494e-05,,,,,,,,,,,,,,,
4,3714,,,,,,1.346704812021926e-05,,,,,,,,,,,,,,,
4,3719,,,,,,0.00011799928324762732,,,,,,,,,,,,,,,
4,3724,,,,,,9.803721331991255e-05,,,,,,,,,,,,,,,
4,3729,,,,,,4.035402162116952e-05,,,,,,,,,,,,,,,
4,3734,,,,,,0.00011453412298578769,,,,,,,,,,,,,,,
4,3739,,,,,,7.025793456705287e-05,,,,,,,,,,,,,,,
4,3744,,,,,,1.9593640899984166e-05,,,,,,,,,,,,,,,
4,3749,,,,,,0.00013494401355274022,,,,,,,,,,,,,,,
4,3754,,,,,,0.00012317737855482846,,,,,,,,,,,,,,,
4,3759,,,,,,2.1759811716037802e-05,,,,,,,,,,,,,,,
4,3764,,,,,,0.00010830731480382383,,,,,,,,,,,,,,,
4,3769,,,,,,7.875548180891201e-05,,,,,,,,,,,,,,,
4,3774,,,,,,7.782011380186304e-05,,,,,,,,,,,,,,,
4,3779,,,,,,4.626848749467172e-05,,,,,,,,,,,,,,,
4,3784,,,,,,3.4156528272433206e-05,,,,,,,,,,,,,,,
4,3789,,,,,,9.021768346428871e-05,,,,,,,,,,,,,,,
4,3794,,,,,,0.00014024852134753019,,,,,,,,,,,,,,,
4,3799,,,,,,8.09807752375491e-05,,,,,,,,,,,,,,,
4,3804,,,,,,0.00011716578592313454,,,,,,,,,,,,,,,
4,3804,,,,,,,,0.6463022232055664,0.9147909879684448,0.9276527166366577,0.8118970990180969,0.8440514206886292,0.009616038762032986,0.7417386770248413,0.6467269062995911,0.9288939237594604,0.9672686457633972,0.7979683876037598,0.8498871326446533,0.008246011100709438,0.7421956062316895
4,3804,0.9337387084960938,0.9997946619987488,1.0,0.9924414157867432,0.9983157515525818,,0.9631399512290955,,,,,,,,,,,,,,
5,3805,,,,,,,,,,,,,,,0.6139954924583435,0.9232506155967712,0.9661399722099304,0.7990970611572266,0.8532731533050537,0.008319355547428131,0.7236238121986389
5,3805,,,,,,,,,,,,,,,0.647909939289093,0.9083601236343384,0.9260450005531311,0.8167202472686768,0.8440514206886292,0.009715944528579712,0.7434921860694885
