id,label,source,score
Q84,London,Q84,1863.86
Q90,Paris,Q90,1470.7450000000001
Q1085,Prague,Q1085,1370.0250000000003
Q61,"Washington, D.C.",Q61,1046.67
Q64,Berlin,Q64,989.6700000000001
Q649,Moscow,Q649,917.94
Q220,Rome,Q220,895.5550000000002
Q1741,Vienna,Q1741,839.25
Q956,Beijing,Q956,770.1350000000001
Q1781,Budapest,Q1781,664.32
Q1486,Buenos Aires,Q1486,661.8100000000001
Q8678,Rio de Janeiro,Q8678,639.475
Q1754,Stockholm,Q1754,597.375
Q23436,Edinburgh,Q23436,587.695
Q1524,Athens,Q1524,574.6800000000001
Q1761,Dublin,Q1761,547.09
Q1748,Copenhagen,Q1748,534.25
Q1757,Helsinki,Q1757,514.585
Q3711,Belgrade,Q3711,498.89
Q585,Oslo,Q585,491.175
Q216,Vilnius,Q216,491.13500000000005
Q10690,Cardiff,Q10690,485.385
Q1899,Kyiv,Q1899,468.725
Q8684,Seoul,Q8684,422.70000000000005
Q1861,Bangkok,Q1861,417.30500000000006
Q1930,Ottawa,Q1930,395.75500000000005
Q16666,Nanjing,Q16666,394.425
Q85,Cairo,Q85,389.98
Q472,Sofia,Q472,386.40000000000003
Q19660,Bucharest,Q19660,367.245
Q5465,Cape Town,Q5465,363.57
Q1563,Havana,Q1563,360.055
Q1865,Kuala Lumpur,Q1865,355.375
Q437,Ljubljana,Q437,355.1
Q10686,Belfast,Q10686,350.06500000000005
Q9248,Baku,Q9248,342.52500000000003
Q3616,Tehran,Q3616,336.20500000000004
Q1770,Tallinn,Q1770,330.70500000000004
Q384,Skopje,Q384,317.095
Q3114,Canberra,Q3114,316.68500000000006
Q1780,Bratislava,Q1780,307.875
Q31487,Kraków,Q31487,304.675
Q2868,Lima,Q2868,295.17
Q3820,Beirut,Q3820,289.39
Q11194,Sarajevo,Q11194,282.225
Q987,New Delhi,Q987,281.71999999999997
Q1867,Taipei,Q1867,274.63500000000005
Q994,Tbilisi,Q994,271.90500000000003
Q1490,Tokyo,Q1490,269.6350000000001
Q1858,Hanoi,Q1858,265.92
Q19689,Tirana,Q19689,258.21999999999997
Q2280,Minsk,Q2280,249.925
Q9365,Dushanbe,Q9365,247.18000000000004
Q1530,Baghdad,Q1530,243.47500000000002
Q70,Bern,Q70,242.05
Q2887,Santiago,Q2887,241.32500000000002
Q47916,Lucknow,Q47916,237.64499999999998
Q3861,Doha,Q3861,235.71000000000004
Q68481,Fuzhou,Q68481,233.41500000000002
Q42800,Belo Horizonte,Q42800,229.5
Q80484,Patna,Q80484,228.41
Q2841,Bogotá,Q2841,227.83000000000004
Q3130,Sydney,Q3130,224.1300000000001
Q40269,Porto Alegre,Q40269,215.91500000000002
Q807,Lausanne,Q807,212.09000000000003
Q3561,Algiers,Q3561,210.56499999999997
Q180773,Susa,Q180773,209.685
Q3870,Nairobi,Q3870,209.435
Q2844,Brasília,Q2844,209.17
Q3805,Amman,Q3805,207.545
Q3856,Nicosia,Q3856,194.935
Q1113311,Peshawar,Q1113311,190.39
Q3037,Kathmandu,Q3037,190.255
Q2471,Sanaa,Q2471,189.615
Q2082,St. John's,Q2082,189.60500000000002
Q2449,Mogadishu,Q2449,187.41
Q3859,Kigali,Q3859,185.965
Q3926,Pretoria,Q3926,180.835
Q1533,Caracas,Q1533,180.025
Q3551,Rabat,Q3551,178.705
Q232615,Sardis,Q232615,177.585
Q1190403,Edessa,Q1190403,177.43500000000003
Q1362,Islamabad,Q1362,176.76999999999998
Q35381,Colombo,Q35381,176.375
Q3921,Harare,Q3921,167.58000000000004
Q269,Tashkent,Q269,166.82
Q66485,Jaipur,Q66485,156.84000000000003
Q3761,Accra,Q3761,156.19000000000003
Q1520,Astana,Q1520,154.005
Q25270,Prishtina,Q25270,152.195
Q3692,Riyadh,Q3692,151.295
Q181007,Hattusa,Q181007,150.49499999999998
Q3894,Kampala,Q3894,147.845
Q34820,Santo Domingo,Q34820,147.53
Q4361,Curitiba,Q4361,145.78
Q23438,Ashgabat,Q23438,145.755
Q3579,Tripoli,Q3579,145.685
Q37995,Yangon,Q37995,145.48499999999999
Q9310,Dili,Q9310,143.29
Q18808,Pyongyang,Q18808,142.56
Q3787,Abuja,Q3787,142.5
Q1515,Abidjan,Q1515,139.095
Q1850,Phnom Penh,Q1850,137.28
Q34692,Kingston,Q34692,135.915
Q3919,Gaborone,Q3919,131.295
Q3306,Panama City,Q3306,129.045
Q3897,Luanda,Q3897,126.80000000000001
Q3238,Tegucigalpa,Q3238,126.08999999999999
Q3881,Lusaka,Q3881,126.025
Q80989,Bhopal,Q80989,125.46500000000002
Q21197,Chișinău,Q21197,123.25999999999999
Q2900,Quito,Q2900,122.63
Q40236,Manaus,Q40236,116.325
Q129072,Persepolis,Q129072,114.24
Q132572,Tiraspol,Q132572,111.78
Q25390,Leeuwarden,Q25390,111.44500000000001
Q37701,Bloemfontein,Q37701,111.2
Q911,Ufa,Q911,111.01500000000001
Q69345,Neuchâtel,Q69345,109.0
Q3889,Maputo,Q3889,108.31500000000001
Q132997,Florianópolis,Q132997,107.66
Q173310,Kirkuk,Q173310,107.53999999999999
Q3915,Antananarivo,Q3915,106.23
Q159273,Arequipa,Q159273,105.98
Q35178,Kuwait City,Q35178,105.935
Q3718,Dakar,Q3718,105.26999999999998
Q2933,Asunción,Q2933,101.12
Q3274,Managua,Q3274,100.22500000000001
Q174461,Ranchi,Q174461,100.125
Q3110,San Salvador,Q3110,100.11000000000001
Q34261,Port-au-Prince,Q34261,99.225
Q83786,Shimla,Q83786,98.885
Q3826,Muscat,Q3826,98.71
Q147738,Saint Helier,Q147738,97.785
Q3703,Bamako,Q3703,96.125
Q3748,Monrovia,Q3748,94.62
Q1555,Guatemala City,Q1555,94.585
Q9361,Bishkek,Q9361,94.535
Q131620,Natal,Q131620,94.21
Q3832,Bangui,Q3832,94.185
Q429059,Dvin,Q429059,93.95
Q3935,Windhoek,Q3935,93.43
Q3141,Melbourne,Q3141,93.34500000000014
Q44059,La Plata,Q44059,91.46
Q5426,Izhevsk,Q5426,89.76
Q9279,Bandar Seri Begawan,Q9279,86.805
Q1963,Khartoum,Q1963,85.745
Q48338,Kayseri,Q48338,85.175
Q598,Rzeszów,Q598,81.555
Q36378,Fribourg,Q36378,80.08999999999999
Q170454,Agartala,Q170454,79.61500000000001
Q40921,Honiara,Q40921,79.07000000000001
Q2594448,Shravasti,Q2594448,78.25
Q2337,Smolensk,Q2337,77.68
Q167436,João Pessoa,Q167436,77.00999999999999
Q131694,Aden,Q131694,76.91000000000001
Q36526,Port Moresby,Q36526,75.935
Q112813,Durango,Q112813,73.875
Q3070,San José,Q3070,72.69000000000001
Q3604,Djibouti,Q3604,72.36
Q37400,Naypyidaw,Q37400,71.47500000000001
Q1863,Andorra la Vella,Q1863,71.315
Q3780,Freetown,Q3780,70.84500000000001
Q3901,Moroni,Q3901,67.28
Q3808,Yaoundé,Q3808,66.545
Q3726,Banjul,Q3726,66.05
Q3642,Asmara,Q3642,65.935
Q277540,Chan Chan,Q277540,65.89000000000001
Q165341,Teresina,Q165341,65.88499999999999
Q168652,Hargeisa,Q168652,65.22500000000001
Q1844,Vaduz,Q1844,64.93499999999999
Q10717,Georgetown,Q10717,64.25
Q3751,Praia,Q3751,64.09500000000001
Q38807,Suva,Q38807,63.925000000000004
Q132754,Erbil,Q132754,63.875
Q9347,Malé,Q9347,62.53
Q170762,Cuiabá,Q170762,62.455
Q82500,St. Pölten,Q82500,61.92000000000001
Q52101,Middelburg,Q52101,61.2
Q30985,Hamilton,Q30985,60.54500000000001
Q83189,Goiânia,Q83189,59.99
Q3792,Lomé,Q3792,59.684999999999995
Q12919,Majuro,Q12919,59.44500000000001
Q36168,Bridgetown,Q36168,58.59
Q34126,Funafuti,Q34126,58.095000000000006
Q3001,Paramaribo,Q3001,58.095000000000006
Q3818,Malabo,Q3818,57.370000000000005
Q1947,Juba,Q1947,56.89
Q178993,Palmas,Q178993,56.84
Q132679,Willemstad,Q132679,55.48499999999999
Q63964,Sarnen,Q63964,53.375
Q172512,Porto Velho,Q172512,53.2
Q3659,N'Djamena,Q3659,53.115
Q44244,Santa Fe,Q44244,52.94000000000001
Q36260,Apia,Q36260,51.33
Q192541,Ctesiphon,Q192541,50.96
Q168929,Campo Grande,Q168929,49.150000000000006
Q170578,Aracaju,Q170578,48.99
Q3929,Port Louis,Q3929,48.695
Q211030,Cherrapunji,Q211030,48.075
Q3866,Dodoma,Q3866,47.965
Q3825,Libreville,Q3825,47.315
Q696193,Ecbatana,Q696193,46.615
Q1848,San Marino,Q1848,45.23
Q3909,Maseru,Q3909,45.145
Q41963,Sri Jayawardenepura Kotte,Q41963,43.71
Q30970,Jamestown,Q30970,43.099999999999994
Q3876,Lilongwe,Q3876,43.025000000000006
Q3932,São Tomé,Q3932,42.795
Q3043,Belmopan,Q3043,42.735
Q166065,Lelystad,Q166065,42.55500000000001
Q101418,Lobamba,Q101418,41.94
Q3768,Yamoussoukro,Q3768,41.19
Q101186473,Khanbaliq,Q101186473,40.6
Q47837,Laayoune,Q47837,39.99
Q3940,Victoria,Q3940,39.76
Q37806,Port Vila,Q37806,37.964999999999996
Q41128,Itanagar,Q41128,37.92
Q3904,Mbabane,Q3904,35.825
Q181056,Boa Vista,Q181056,35.565000000000005
Q36281,Roseau,Q36281,35.36
Q854672,Nisa,Q854672,33.225
Q41295,Basseterre,Q41295,32.895
Q131233,South Tarawa,Q131233,32.18
Q33929,Ninh Bình,Q33929,32.18
Q1156,Mumbai,Q1156,31.105000000000018
Q331584,Kralendijk,Q331584,30.440000000000005
Q167551,Gitega,Q167551,27.675
Q44211,Corrientes,Q44211,26.920000000000005
Q41699,Castries,Q41699,26.180000000000003
Q27660,Jizan,Q27660,26.09
Q31026,Yaren District,Q31026,25.965
Q42751,Palikir,Q42751,25.78
Q706215,Artaxata,Q706215,25.560000000000002
Q822679,Garowe,Q822679,25.375
Q41547,St. George's,Q41547,25.189999999999998
Q79281,Washington,Q79281,25.185
Q217610,Oranjestad,Q217610,23.02
Q1136681,Seleucia,Q1136681,22.86
Q38834,Nuku'alofa,Q38834,22.54
Q3683885,Colón,Q3683885,22.35
Q41474,Kingstown,Q41474,22.25
Q993064,Saint Anne,Q993064,22.155
Q157035,Bückeburg,Q157035,22.085
Q3948919,Santa Ana,Q3948919,21.87
Q83442,Kullu,Q83442,21.485
Q3947434,San Juan,Q3947434,21.415
Q30958,Philipsburg,Q30958,20.995
Q3947745,San Pablo,Q3947745,20.525
Q319476,Upata,Q319476,20.23
Q1352,Chennai,Q1352,20.20500000000004
Q3947744,San Pablo,Q3947744,19.77
Q569107,Anshan Persia,Q569107,19.765
Q841342,Canelones,Q841342,19.745
Q14934767,Billinudel,Q14934767,15.92
Q738250,Melo,Q738250,15.735
Q44215,Santa Rosa,Q44215,15.17
Q1107569,Kerma,Q1107569,14.635
Q977305,Tambacounda,Q977305,13.455000000000002
Q605319,Alcochete,Q605319,13.135
Q65300020,Sofifi,Q65300020,12.72
Q1330294,Jiankang,Q1330294,12.479999999999999
Q834162,capital of the Netherlands,Q834162,10.395
Q1069007,Washukanni,Q1069007,8.704999999999998
Q1518300,Hecatompylos,Q1518300,8.63
Q7856199,Firozkoh,Q7856199,8.450000000000001
Q154002,Melekeok,Q154002,6.905
Q3233968,Linguère,Q3233968,5.46
Q1000140,Sa Pa,Q1000140,5.210000000000001
Q1815305,Qashliq,Q1815305,4.685
Q385445,Lintzoain,Q385445,4.02
Q3528033,Tianjing,Q3528033,3.505
Q4803191,Asaak,Q4803191,2.4299999999999997
Q10054424,Fengtian Fu,Q10054424,2.38
Q3344926,Aveiro (city),Q3344926,2.335
Q624467,Hanseongbu,Q624467,2.08
Q3344424,Beja (city),Q3344424,2.02
Q31878333,Alenquer,Q31878333,1.71
Q2483679,Comayaguela,Q2483679,1.6099999999999999
Q31877477,Alcanena,Q31877477,1.4300000000000002
Q31924170,Bombarral,Q31924170,1.425
Q24008400,Laguardia,Q24008400,1.3499999999999999
Q49344178,Alter do Chão,Q49344178,1.33
Q105076255,Saigon,Q105076255,1.27
Q3393642,Idocin,Q3393642,1.25
Q31880915,Amarante,Q31880915,1.2400000000000002
Q5316658,Durjaya,Q5316658,1.24
Q31887734,Arganil,Q31887734,1.235
Q49286541,Marinha Grande,Q49286541,1.235
Q31912265,Batalha,Q31912265,1.14
Q31924457,Borba,Q31924457,1.14
Q12489692,Karta,Q12489692,1.055
Q23986680,Carmona,Q23986680,1.05
Q98686735,Madinah al-Khatt,Q98686735,1.05
Q3894902,Papremi,Q3894902,1.05
Q31911550,Barreiro,Q31911550,1.045
Q7223839,Bianliang,Q7223839,0.995
Q31879456,Almeirim,Q31879456,0.9550000000000001
Q18342086,Oyo-Ile,Q18342086,0.9550000000000001
Q4070999,,Q4070999,0.9500000000000001
Q28519583,Mentok,Q28519583,0.8749999999999999
Q23000330,,Q23000330,0.86
Q12254217,Artieda,Q12254217,0.775
Q5865090,Kapisi,Q5865090,0.77
Q12824432,Kardiff,Q12824432,0.76
Q97132512,,Q97132512,0.76
Q12259792,,Q12259792,0.6749999999999999
Q1131299,Veligrad,Q1131299,0.6699999999999999
Q14634615,Muaro Tebo,Q14634615,0.575
Q11955673,,Q11955673,0.57
Q12582377,Kasyepwon,Q12582377,0.57
Q98008573,Pozono,Q98008573,0.51
Q15941322,Bahía Negra,Q15941322,0.485
Q8262638,Establishment of the capital in Valladolid,Q8262638,0.47500000000000003
Q47461088,Magama,Q47461088,0.385
Q70591145,Bo,Q70591145,0.38
Q2313393,Tabiz,Q2313393,0.285
Q1348,Kolkata,Q1348,-34.55500000000001
Q1461,Manila,Q1461,-58.36500000000001
Q34932,Brisbane,Q34932,-76.36999999999995
Q34647,Johannesburg,Q34647,-77.33999999999992
Q14960,Brno,Q14960,-79.32499999999999
Q3630,Jakarta,Q3630,-82.57999999999998
Q8660,Karachi,Q8660,-93.51499999999999
Q1353,Delhi,Q1353,-131.78499999999997
Q30002,Chengdu,Q30002,-148.305
Q33486,Hartford,Q33486,-163.765
Q1361,Hyderabad,Q1361,-164.27499999999998
Q1355,Bengaluru,Q1355,-169.01
Q35765,Osaka,Q35765,-208.695
Q11751,Nagoya,Q11751,-213.79000000000002
Q5826,Xi'an,Q5826,-244.815
Q100188,Cluj-Napoca,Q100188,-245.02499999999998
Q83404,Timișoara,Q83404,-249.27499999999998
Q183584,Lanzhou,Q183584,-262.95500000000004
Q459,Plovdiv,Q459,-270.4
Q9022,Guadalajara,Q9022,-277.245
Q38283,Yokohama,Q38283,-297.245
Q37951,Sapporo,Q37951,-304.575
Q34600,Kyoto,Q34600,-308.71
Q48320,Kobe,Q48320,-319.015
Q6506,Varna,Q6506,-323.025
Q1309,Maastricht,Q1309,-329.75
Q34664,Hiroshima,Q34664,-335.385
Q8385,Ostrava,Q8385,-343.44
Q26600,Fukuoka,Q26600,-346.525
Q128849,Nagano,Q128849,-354.595
Q46747,Sendai,Q46747,-357.29999999999995
Q46400,Suceava,Q46400,-359.96
Q46852,Iași,Q46852,-360.0
Q174691,Shizuoka,Q174691,-362.575
Q81137,Olomouc,Q81137,-363.92999999999995
Q43453,Plzeň,Q43453,-365.235
Q179691,Niigata,Q179691,-376.425
Q45798,Gifu,Q45798,-380.24
Q38234,Nagasaki,Q38234,-387.095
Q185332,Satu Mare,Q185332,-388.94
Q200078,Okayama,Q200078,-391.01
Q169134,Nara,Q169134,-391.495
Q15674,Kagoshima,Q15674,-391.735
Q199889,Kumamoto,Q199889,-392.69
Q186576,Pazardzhik,Q186576,-393.84000000000003
Q83324,Sibiu,Q83324,-394.86
Q6509,Burgas,Q6509,-395.32
Q173474,Veliko Tarnovo,Q173474,-395.55
Q161176,Fukushima,Q161176,-396.33500000000004
Q93358,Oradea,Q93358,-400.005
Q191130,Kanazawa,Q191130,-401.585
Q160173,Ruse,Q160173,-402.96000000000004
Q170616,Chiba,Q170616,-406.41
Q134635,Saitama,Q134635,-409.41499999999996
Q16506,České Budějovice,Q16506,-409.75
Q186349,Târgu Mureș,Q186349,-410.305
Q202907,Otsu,Q202907,-412.565
Q17139,Akita,Q17139,-413.305
Q146790,Aomori,Q146790,-414.15999999999997
Q36989,Pardubice,Q36989,-415.12
Q181966,Naha,Q181966,-417.52
Q201618,Fukui,Q201618,-418.19
Q187938,Pitești,Q187938,-418.37
Q146351,Liberec,Q146351,-418.73
Q201613,Maebashi,Q201613,-419.235
Q79808,Constanța,Q79808,-419.46
Q200022,Matsuyama,Q200022,-420.13
Q12829733,Belém,Q12829733,-420.205
Q170415,Stara Zagora,Q170415,-421.735
Q200707,Takamatsu,Q200707,-421.815
Q204266,Toyama,Q204266,-422.015
Q200589,Utsunomiya,Q200589,-422.345
Q405361,Chiprovtsi,Q405361,-422.4
Q173591,Arad,Q173591,-422.56
Q82174,Brașov,Q82174,-422.95
Q180131,Gabrovo,Q180131,-423.865
Q200251,Kōchi,Q200251,-424.695
Q189305,Kyustendil,Q189305,-424.87
Q201404,Buzău,Q201404,-425.08
Q200077,Morioka,Q200077,-425.38
Q168057,Craiova,Q168057,-426.265
Q384544,Karlovy Vary,Q384544,-426.275
Q170996,Galați,Q170996,-426.4
Q179585,Ploiești,Q179585,-426.92
Q180139,Hradec Králové,Q180139,-427.34000000000003
Q178385,Sliven,Q178385,-428.37
Q193241,Nesebar,Q193241,-428.775
Q203027,Tsu,Q203027,-428.87
Q204249,Mito,Q204249,-429.235
Q165420,Pleven,Q165420,-429.675
Q200747,Wakayama,Q200747,-430.055
Q271925,Sozopol,Q271925,-430.97
Q407372,Pomorie,Q407372,-431.385
Q183111,Jihlava,Q183111,-431.54
Q181830,Shumen,Q181830,-431.555
Q200731,Tottori,Q200731,-432.86
Q171018,Zlín,Q171018,-432.975
Q173277,Blagoevgrad,Q173277,-433.3
Q185114,Targovishte,Q185114,-433.32
Q329437,Balchik,Q329437,-433.945
Q174665,Alba Iulia,Q174665,-435.055
Q204308,Miyazaki,Q204308,-436.24
Q199609,Ōita,Q199609,-436.375
Q207309,Tokushima,Q207309,-436.38
Q205526,Yamagata,Q205526,-436.815
Q185280,Baia Mare,Q185280,-436.865
Q405136,Tryavna,Q405136,-436.995
Q405120,Kavarna,Q405120,-437.74
Q185289,Pernik,Q185289,-437.78
Q182428,Silistra,Q182428,-437.965
Q209766,Saga,Q209766,-438.185
Q201932,Kofu,Q201932,-438.505
Q186254,Haskovo,Q186254,-438.905
Q156974,Ústí nad Labem,Q156974,-439.31
Q391159,Bansko,Q391159,-439.565
Q10737004,Bacău,Q10737004,-439.64
Q189328,Lovech,Q189328,-439.885
Q25789,Karlskrona,Q25789,-441.19
Q316841,Karlovo,Q316841,-442.15999999999997
Q192888,Smolyan,Q192888,-442.26
Q189650,Razgrad,Q189650,-443.375
Q188478,Brăila,Q188478,-443.615
Q186569,Yambol,Q186569,-443.635
Q405114,Velingrad,Q405114,-443.73
Q168668,Dobrich,Q168668,-443.8
Q192875,Kardzhali,Q192875,-444.15999999999997
Q10773354,Ngawi,Q10773354,-444.2
Q237254,Lom,Q237254,-444.65999999999997
Q192926,Kazanlak,Q192926,-445.35
Q189502,Vratsa,Q189502,-445.605
Q331566,Sandanski,Q331566,-446.78999999999996
Q191099,Petrich,Q191099,-447.325
Q147938,Tsarevo,Q147938,-447.51
Q191871,Asenovgrad,Q191871,-447.58
Q406222,Panagyurishte,Q406222,-447.66499999999996
Q220121,Montana,Q220121,-447.99
Q405279,Dupnitsa,Q405279,-448.2
Q188673,Târgoviște,Q188673,-449.275
Q193890,Drobeta-Turnu Severin,Q193890,-449.77
Q406639,Shabla,Q406639,-450.375
Q405153,Primorsko,Q405153,-450.55
Q331048,Dimitrovgrad,Q331048,-450.845
Q457141,Gotse Delchev,Q457141,-450.88
Q115998,Gorna Oryahovitsa,Q115998,-450.885
Q207321,Matsue,Q207321,-451.1
Q326312,Sevlievo,Q326312,-451.83
Q405789,Svilengrad,Q405789,-452.03999999999996
Q187205,Bistrița,Q187205,-452.235
Q2043641,Byala,Q2043641,-452.33500000000004
Q406050,Dryanovo,Q406050,-452.62
Q243616,Veliki Preslav,Q243616,-452.86
Q388070,Samokov,Q388070,-453.48
Q178531,Vidin,Q178531,-453.965
Q929605,Razlog,Q929605,-454.04
Q405390,General Toshevo,Q405390,-454.115
Q187945,Piatra Neamț,Q187945,-454.305
Q193082,Svishtov,Q193082,-454.57
Q275178,Aytos,Q275178,-454.84000000000003
Q1207735,Tokyo City,Q1207735,-454.96
Q405991,Parvomay,Q405991,-454.985
Q406631,Belitsa,Q406631,-455.01
Q851855,Troyan,Q851855,-455.655
Q405426,Botevgrad,Q405426,-455.675
Q406863,Tran,Q406863,-456.02
Q405646,Sredets,Q405646,-456.055
Q406239,Harmanli,Q406239,-456.105
Q145292,Zalău,Q145292,-456.185
Q409102,Nikopol,Q409102,-456.19
Q207876,Yamaguchi,Q207876,-456.38
Q167953,Rakovski,Q167953,-456.395
Q405712,Ihtiman,Q405712,-456.8
Q75634,Reșița,Q75634,-456.995
Q407296,Oryahovo,Q407296,-457.17
Q407110,Sopot,Q407110,-457.40999999999997
Q406057,Krumovgrad,Q406057,-457.42
Q407570,Peshtera,Q407570,-457.555
Q406068,Popovo,Q406068,-457.595
Q406500,Mezdra,Q406500,-457.725
Q406227,Karnobat,Q406227,-458.03999999999996
Q407314,Berkovitsa,Q407314,-458.18
Q406488,Malko Tarnovo,Q406488,-458.34000000000003
Q11585,Tulcea,Q11585,-458.37
Q405640,Devnya,Q405640,-458.575
Q990310,Sungurlare,Q990310,-458.65
Q251439,Koprivshtitsa,Q251439,-458.83
Q405236,Belene,Q405236,-458.985
Q406064,Etropole,Q406064,-459.09
Q405801,Provadiya,Q405801,-459.09000000000003
Q405166,Sapareva Banya,Q405166,-459.14
Q405433,Aksakovo,Q405433,-459.35
Q193420,Miercurea Ciuc,Q193420,-459.35
Q1756874,Batak,Q1756874,-459.775
Q406523,Septemvri,Q406523,-459.78999999999996
Q407347,Ardino,Q407347,-459.955
Q405663,Pavlikeni,Q405663,-459.995
Q204850,Deva,Q204850,-459.995
Q23070,Sneek,Q23070,-460.03499999999997
Q406512,Kaspichan,Q406512,-460.105
Q404939,Tutrakan,Q404939,-460.45
Q407234,Belogradchik,Q407234,-460.635
Q407340,Chirpan,Q407340,-460.68
Q405852,Antonovo,Q405852,-460.745
Q405175,Bobov Dol,Q405175,-460.84
Q405440,Topolovgrad,Q405440,-460.85
Q192269,Vaslui,Q192269,-460.945
Q408077,Elena,Q408077,-460.99
Q178855,Botoșani,Q178855,-461.01
Q405157,Kozloduy,Q405157,-461.055
Q405797,Isperih,Q405797,-461.095
Q405807,Chepelare,Q405807,-461.125
Q406470,Slivnitsa,Q406470,-461.135
Q1154707,Palabuhanratu,Q1154707,-461.15
Q406081,Teteven,Q406081,-461.305
Q407118,Novi Pazar,Q407118,-461.56
Q405742,Radomir,Q405742,-461.955
Q405585,Lukovit,Q405585,-461.97
Q405329,Zemen,Q405329,-462.04
Q405726,Boboshevo,Q405726,-462.14
Q407319,Dulovo,Q407319,-462.195
Q404822,Kotel,Q404822,-462.23
Q405550,Suvorovo,Q405550,-462.435
Q5474197,Simeonovgrad,Q5474197,-462.46
Q405317,Nova Zagora,Q405317,-462.46500000000003
Q406545,Kubrat,Q406545,-462.635
Q405825,Beloslav,Q405825,-462.66
Q405573,Dalgopol,Q405573,-462.695
Q405610,Levski,Q405610,-462.785
Q406426,Hadzhidimovo,Q406426,-462.81
Q407705,Belovo,Q407705,-462.81
Q405373,Dragoman,Q405373,-462.81
Q407390,Ivaylovgrad,Q407390,-462.82
Q406869,Lyaskovets,Q406869,-462.875
Q405215,Sadovo,Q405215,-462.935
Q109715359,Bhararisain,Q109715359,-462.99
Q406042,Elin Pelin,Q406042,-463.02
Q14904,Hoyerswerda,Q14904,-463.07
Q671522,Kostinbrod,Q671522,-463.185
Q1419492,First Missouri State Capitol State Historic Site,Q1419492,-463.215
Q405420,Godech,Q405420,-463.275
Q405950,Smyadovo,Q405950,-463.35
Q405203,Brezovo,Q405203,-463.4
Q132395,Byala,Q132395,-463.405
Q405984,Tervel,Q405984,-463.435
Q405842,Bratsigovo,Q405842,-463.48
Q407222,Dimovo,Q407222,-463.49
Q405191,Kameno,Q405191,-463.495
Q1897942,Simitli,Q1897942,-463.535
Q215646,Edo,Q215646,-463.55
Q1790862,Zlatograd,Q1790862,-463.57
Q405774,Letnitsa,Q405774,-463.65
Q405262,Zlatitsa,Q405262,-463.65
Q405554,Rakitovo,Q405554,-463.665
Q407302,Dolni Chiflik,Q407302,-463.705
Q405341,Devin,Q405341,-463.725
Q404746,Vetovo,Q404746,-463.82
Q390361,Breznik,Q390361,-463.825
Q405507,Strelcha,Q405507,-463.86
Q405629,Strazhitsa,Q405629,-463.87
Q405708,Stamboliyski,Q405708,-463.88
Q405367,Lyubimets,Q405367,-463.955
Q407383,Radnevo,Q407383,-464.01
Q405880,Loznitsa,Q405880,-464.095
Q406822,Krichim,Q406822,-464.125
Q405972,Sarnitsa,Q405972,-464.125
Q405731,Knezha,Q405731,-464.135
Q406243,Omurtag,Q406243,-464.14
Q406530,Varbitsa,Q406530,-464.175
Q2995730,Zavet,Q2995730,-464.23
Q406613,Elhovo,Q406613,-464.255
Q407336,Pavel Banya,Q407336,-464.26
Q405248,Dolna Banya,Q405248,-464.27
Q405481,Glavinitsa,Q405481,-464.3
Q406089,Dospat,Q406089,-464.33
Q407352,Madzharovo,Q407352,-464.35
Q405905,Polski Trambesh,Q405905,-464.4
Q405868,Brusartsi,Q405868,-464.42
Q407330,Cherven Bryag,Q407330,-464.485
Q404762,Kula,Q404762,-464.495
Q404958,Varshets,Q404958,-464.52
Q405620,Valchedram,Q405620,-464.56
Q405323,Zlataritsa,Q405323,-464.605
Q407307,Kocherinovo,Q407307,-464.695
Q406493,Yakoruda,Q406493,-464.735
Q404811,Bozhurishte,Q404811,-464.75
Q405736,Galabovo,Q405736,-464.96
Q406517,Rila,Q406517,-464.975
Q405916,Maglizh,Q405916,-465.015
Q405784,Momchilgrad,Q405784,-465.025
Q405965,Saedinenie,Q405965,-465.04
Q405654,Pirdop,Q405654,-465.12
Q405874,Yablanitsa,Q405874,-465.145
Q407207,Gurkovo,Q407207,-465.19
Q405397,Valchi Dol,Q405397,-465.265
Q405445,Tvarditsa,Q405445,-465.28
Q405697,Krivodol,Q405697,-465.28
Q405145,Dolni Dabnik,Q405145,-465.31
Q407483,Perushtitsa,Q407483,-465.41
Q407228,Dve Mogili,Q407228,-465.445
Q405334,Rudozem,Q405334,-465.48
Q405567,Ugarchin,Q405567,-465.525
Q407325,Alfatar,Q407325,-465.595
Q405184,Boychinovtsi,Q405184,-465.605
Q192758,Râmnicu Vâlcea,Q192758,-465.67
Q405383,Bregovo,Q405383,-465.735
Q192265,Focșani,Q192265,-465.74
Q405602,Laki,Q405602,-465.79
Q5077360,Kaolinovo,Q5077360,-465.92
Q406476,Kresna,Q406476,-465.945
Q471765,Xanadu,Q471765,-465.965
Q405223,Apriltsi,Q405223,-465.97
Q406747,Slivo Pole,Q406747,-465.985
Q406481,Miziya,Q406481,-466.065
Q387864,Pravets,Q387864,-466.125
Q405591,Gramada,Q405591,-466.17
Q239989,Hisarya,Q239989,-466.255
Q404756,Opaka,Q404756,-466.285
Q405228,Byala Slatina,Q405228,-466.45
Q202351,Giurgiu,Q202351,-466.485
Q407249,Kuklen,Q407249,-466.5
Q405449,"Madan, Smolyan Province",Q405449,-466.515
Q405846,Borovo,Q405846,-466.545
Q405579,Pordim,Q405579,-466.64
Q405716,Nedelino,Q405716,-466.93
Q407257,Kostenets,Q407257,-467.19
Q405821,Nikolaevo,Q405821,-467.41
Q404981,Straldzha,Q404981,-467.5
Q202357,Târgu Jiu,Q202357,-467.505
Q406143,Svoge,Q406143,-467.635
Q405562,Suhindol,Q405562,-467.655
Q406506,Roman,Q406506,-467.68
Q407213,Gulyantsi,Q407213,-467.695
Q407121,Tsar Kaloyan,Q407121,-468.085
Q406618,Bolyarovo,Q406618,-468.3
Q405829,Dolna Mitropoliya,Q405829,-468.325
Q406538,Iskar,Q406538,-468.415
Q209929,Alexandria,Q209929,-469.58
Q202362,Sfântu Gheorghe,Q202362,-470.14
Q207074,Slatina,Q207074,-471.085
Q212561,Călărași,Q212561,-471.14
Q215723,Slobozia,Q215723,-475.7
Q30023345,Calci,Q30023345,-476.09
Q7473516,Tokyo,Q7473516,-477.935
Q848672,Manokwari,Q848672,-478.14
Q564730,Lütz,Q564730,-478.205
Q4841445,Bagansiapiapi,Q4841445,-478.72
Q976062,Tanjung Selor,Q976062,-479.025
Q9296802,Bangil,Q9296802,-480.23
Q4079521,Kebumen,Q4079521,-480.6
Q3183036,Tobelo,Q3183036,-480.805
Q156908,Welthauptstadt Germania,Q156908,-480.92
Q818667,Peterslahr,Q818667,-481.215
Q18975,Tual City,Q18975,-481.38
Q4188582,Menggala,Q4188582,-481.71
Q422577,Ciamis,Q422577,-481.735
Q635531,Neuzelle,Q635531,-482.395
Q1805875,Larantuka,Q1805875,-482.45
Q658431,Neuhütten,Q658431,-482.555
Q650908,Purwokerto,Q650908,-482.63
Q565795,Cianjur,Q565795,-482.675
Q751907,Heian-kyō,Q751907,-482.825
Q7476081,Agats,Q7476081,-482.955
Q2304512,Chernoochene,Q2304512,-483.81
Q294805,Gadoni,Q294805,-484.01
Q1024703,Kapelle,Q1024703,-484.02
Q1977146,Wehe-den Hoorn,Q1977146,-484.625
Q145764,Selat Panjang,Q145764,-484.925
Q1013537,Singaraja,Q1013537,-484.955
Q1070920,Mamuju,Q1070920,-484.98
Q935493,Ruen,Q935493,-484.99
Q110101321,Tiakur,Q110101321,-485.035
Q388245,Merauke,Q388245,-485.055
Q2991829,Tanjung,Q2991829,-485.15
Q5739269,Caguas barrio-pueblo,Q5739269,-485.18
Q24009589,Santa Eulària des Riu,Q24009589,-485.455
Q862114,Porto Novo,Q862114,-485.59
Q2307531,Wamena,Q2307531,-485.64
Q3175947,Putussibau Utara,Q3175947,-485.7
Q2444126,Hitrino,Q2444126,-485.76
Q752394,Asuka,Q752394,-485.815
Q670009,Maria Enzersdorf,Q670009,-486.02
Q14919663,Malinau Kota,Q14919663,-486.13
Q1199917,Purwakarta,Q1199917,-486.165
Q820175,Bergschenhoek,Q820175,-486.85
Q12492354,Poso,Q12492354,-487.165
Q573464,Erxleben,Q573464,-487.385
Q2994062,Nevestino,Q2994062,-487.465
Q6745190,Rosario Central train station,Q6745190,-487.54
Q6159900,Vega Baja barrio-pueblo,Q6159900,-487.585
Q2416572,Aguadilla barrio-pueblo,Q2416572,-487.705
Q753347,Atambua,Q753347,-487.95
Q2994074,Treklyano,Q2994074,-487.955
Q6783501,Kota Masohi,Q6783501,-487.995
Q2662601,Jepara,Q2662601,-487.995
Q5192898,Culebra barrio-pueblo,Q5192898,-488.225
Q5032385,Canillas del Aceituno,Q5032385,-488.4
Q3818071,Brebes,Q3818071,-488.46
Q3504647,Purworejo,Q3504647,-488.475
Q5518374,Adjuntas barrio-pueblo,Q5518374,-488.5
Q1393640,Fakfak,Q1393640,-488.525
Q17058459,Tuban,Q17058459,-488.61
Q2469110,Borino,Q2469110,-488.615
Q2469076,Avren,Q2469076,-488.625
Q5703375,Arecibo barrio-pueblo,Q5703375,-488.755
Q5788854,Corozal barrio-pueblo,Q5788854,-488.785
Q5970066,Lares barrio-pueblo,Q5970066,-488.795
Q401296,Cibinong,Q401296,-488.835
Q1196381,Fujiwara-kyō,Q1196381,-488.835
Q5261380,Sungai Liat,Q5261380,-488.88
Q838033,Indramayu,Q838033,-488.885
Q5813502,Dorado barrio-pueblo,Q5813502,-488.895
Q1968181,Lhoksukon,Q1968181,-488.95
Q432541,Mannersdorf an der Rabnitz,Q432541,-488.955
Q2226924,Gurabo barrio-pueblo,Q2226924,-488.985
Q2625521,Ketapang,Q2625521,-489.0
Q5920763,Isabel II barrio-pueblo,Q5920763,-489.08
Q2358838,Orocovis barrio-pueblo,Q2358838,-489.09
Q405778,Dzhebel,Q405778,-489.105
Q694001,Nesselwängle,Q694001,-489.12
Q122188,Sauldorf,Q122188,-489.2
Q12699641,Pasar Muara Bungo,Q12699641,-489.25
Q2252674,Morovis barrio-pueblo,Q2252674,-489.28
Q3321661,Comerío barrio-pueblo,Q3321661,-489.355
Q16041,Cavertitz,Q16041,-489.43
Q2380966,Chuprene,Q2380966,-489.44
Q3056359,Tanjungpandan,Q3056359,-489.475
Q2451593,Naguabo barrio-pueblo,Q2451593,-489.475
Q5768684,Ciales barrio-pueblo,Q5768684,-489.58
Q2739578,Patillas barrio-pueblo,Q2739578,-489.585
Q2043469,Satovcha,Q2043469,-489.64
Q6159895,Vega Alta barrio-pueblo,Q6159895,-489.65
Q1913242,Guaynabo barrio-pueblo,Q1913242,-489.655
Q5639865,Quebradillas barrio-pueblo,Q5639865,-489.675
Q2700067,Kandangan,Q2700067,-489.68
Q6108945,Rincón barrio-pueblo,Q6108945,-489.735
Q1375652,Kovachevtsi,Q1375652,-489.76
Q5855410,Fajardo barrio-pueblo,Q5855410,-489.775
Q2332319,Garmen,Q2332319,-489.785
Q4989786,Wonosobo,Q4989786,-489.79
Q2346358,Kaynardzha,Q2346358,-489.8
Q5981742,Loíza barrio-pueblo,Q5981742,-489.82
Q49007698,Río Grande barrio-pueblo,Q49007698,-489.83
Q3470926,Sampit,Q3470926,-489.84
Q6147743,Toa Alta barrio-pueblo,Q6147743,-489.85
Q5902201,Hormigueros barrio-pueblo,Q5902201,-489.86
Q2657340,Vetrino,Q2657340,-489.86
Q2131182,Rantepao,Q2131182,-489.88
Q4857377,Banyuwangi,Q4857377,-489.905
Q2482460,Yabucoa barrio-pueblo,Q2482460,-489.955
Q2358819,Martapura,Q2358819,-489.96
Q5760002,Ceiba barrio-pueblo,Q5760002,-489.965
Q85774103,Kepi,Q85774103,-489.975
Q1155335,Kuni-kyō,Q1155335,-490.01
Q4352644,Manatí barrio-pueblo,Q4352644,-490.02
Q2381026,Novo Selo,Q2381026,-490.035
Q2597274,Georgi Damyanovo,Q2597274,-490.065
Q2278926,Naranjito barrio-pueblo,Q2278926,-490.11
Q2208380,Cataño barrio-pueblo,Q2208380,-490.115
Q3474232,Saumlaki,Q3474232,-490.17
Q9104969,Kepanjen,Q9104969,-490.175
Q6118824,San Germán barrio-pueblo,Q6118824,-490.21
Q19746098,Labuan Bajo,Q19746098,-490.21
Q2418971,Chelopech,Q2418971,-490.215
Q1052803,Nagaoka-kyō,Q1052803,-490.295
Q2648435,Cidra barrio-pueblo,Q2648435,-490.315
Q1827252,Guayanilla barrio-pueblo,Q1827252,-490.335
Q4192335,Nabire,Q4192335,-490.34
Q6119218,San Lorenzo barrio-pueblo,Q6119218,-490.34
Q5920943,Isabela barrio-pueblo,Q5920943,-490.34
Q899684,Bratya Daskalovi,Q899684,-490.37
Q3652532,Tigaraksa,Q3652532,-490.38
Q956745,Caxito,Q956745,-490.385
Q6158238,Utuado barrio-pueblo,Q6158238,-490.415
Q4194199,Masamba,Q4194199,-490.42
Q5660264,Aguada barrio-pueblo,Q5660264,-490.425
Q5661155,Aibonito barrio-pueblo,Q5661155,-490.425
Q4313303,Hatillo barrio-pueblo,Q4313303,-490.435
Q5738383,Cabo Rojo barrio-pueblo,Q5738383,-490.44
Q2839421,Toa Baja barrio-pueblo,Q2839421,-490.445
Q5753148,Carolina barrio-pueblo,Q5753148,-490.445
Q2347962,Humacao barrio-pueblo,Q2347962,-490.48
Q10904232,Manggar,Q10904232,-490.48
Q2028334,Barranquitas barrio-pueblo,Q2028334,-490.515
Q6153415,Trujillo Alto barrio-pueblo,Q6153415,-490.54
Q9073735,San Sebastián barrio-pueblo,Q9073735,-490.595
Q6019891,Moca barrio-pueblo,Q6019891,-490.615
Q5970561,Las Marías barrio-pueblo,Q5970561,-490.685
Q2994088,Gorna Malina,Q2994088,-490.705
Q3024765,Maunabo barrio-pueblo,Q3024765,-490.715
Q2114791,Arroyo barrio-pueblo,Q2114791,-490.73
Q5759081,Cayey barrio-pueblo,Q5759081,-490.765
Q4192532,Sentani,Q4192532,-490.8
Q5970696,Las Piedras barrio-pueblo,Q5970696,-490.82
Q2598206,Stambolovo,Q2598206,-490.82
Q1183790,North Sumedang,Q1183790,-490.86
Q212419,Soreang,Q212419,-490.86
Q1850902,Tenggarong,Q1850902,-490.865
Q6116443,Sabana Grande barrio-pueblo,Q6116443,-490.91
Q13094580,Lahat,Q13094580,-490.945
Q879867,Kuningan,Q879867,-490.955
Q4409961,Guayama barrio-pueblo,Q4409961,-490.975
Q508015,Nordholz,Q508015,-491.035
Q2598531,Samuil,Q2598531,-491.04
Q4855188,Bangkinang,Q4855188,-491.045
Q4194960,Jailolo,Q4194960,-491.05
Q5723749,Bayamón barrio-pueblo,Q5723749,-491.06
Q6074018,Peñuelas barrio-pueblo,Q6074018,-491.065
Q10796850,Chavdar,Q10796850,-491.07
Q6162649,Villalba barrio-pueblo,Q6162649,-491.09
Q2665619,Juncos barrio-pueblo,Q2665619,-491.095
Q6169836,Yauco barrio-pueblo,Q6169836,-491.125
Q2184990,Añasco barrio-pueblo,Q2184990,-491.155
Q2021707,Maricao barrio-pueblo,Q2021707,-491.195
Q3261115,Rangkasbitung,Q3261115,-491.2
Q5746172,Camuy barrio-pueblo,Q5746172,-491.2
Q12492739,Kuala Pembuang,Q12492739,-491.2
Q2677014,Luquillo barrio-pueblo,Q2677014,-491.21
Q6031707,Fukuhara-kyō,Q6031707,-491.235
Q2220643,Juana Díaz barrio-pueblo,Q2220643,-491.245
Q2617466,Kaimana,Q2617466,-491.25
Q2046276,Canóvanas barrio-pueblo,Q2046276,-491.255
Q6117279,Salinas barrio-pueblo,Q6117279,-491.295
Q2907077,Blora,Q2907077,-491.31
Q1333496,Hosingen,Q1333496,-491.34
Q2388476,Coamo barrio-pueblo,Q2388476,-491.355
Q5969482,Lajas barrio-pueblo,Q5969482,-491.365
Q2994103,Medkovets,Q2994103,-491.37
Q5554438,Aguas Buenas barrio-pueblo,Q5554438,-491.375
Q2485136,Barceloneta barrio-pueblo,Q2485136,-491.4
Q4198216,Toboali,Q4198216,-491.405
Q10817819,Pamekasan,Q10817819,-491.44
Q6120448,Santa Isabel barrio-pueblo,Q6120448,-491.455
Q11145023,Sant Antoni de Portmany,Q11145023,-491.51
Q2990389,Krushari,Q2990389,-491.52
Q4194093,Dompu,Q4194093,-491.53
Q2094534,Guánica barrio-pueblo,Q2094534,-491.54
Q7525801,Sipirok,Q7525801,-491.57
Q862509,Heijō-kyō,Q862509,-491.655
Q2598137,Bengkalis City,Q2598137,-491.665
Q3183016,Ungaran,Q3183016,-491.67
Q42371,Sermide,Q42371,-491.67
Q1340301,Ende,Q1340301,-491.695
Q11638487,Ōmi Ōtsu Palace,Q11638487,-491.715
Q887467,Majalengka,Q887467,-491.735
Q5264989,Stabat,Q5264989,-491.785
Q1453855,Kabanjahe,Q1453855,-491.815
Q6416420,Kisaran,Q6416420,-491.835
Q1917191,Mayagüez barrio-pueblo,Q1917191,-491.905
Q3955907,Bojonegoro,Q3955907,-491.935
Q3118749,Tanah Grogot,Q3118749,-492.01
Q408827,Airmadidi,Q408827,-492.01
Q2288422,Jayuya barrio-pueblo,Q2288422,-492.03
Q4194464,Benteng,Q4194464,-492.085
Q2597240,Lesichovo,Q2597240,-492.095
Q12502708,Pangkalanbun,Q12502708,-492.12
Q7511879,Anton,Q7511879,-492.13
Q12699085,Oksibil,Q12699085,-492.18
Q947942,Bascharage,Q947942,-492.185
Q1877494,Phōnhōng,Q1877494,-492.29
Q4020440,Slawi,Q4020440,-492.32
Q4119464,Kota Kudus,Q4119464,-492.355
Q2046578,Strumyani,Q2046578,-492.45
Q1708604,Ruteng,Q1708604,-492.48
Q52100,Stia,Q52100,-492.485
Q12519398,Tanjung,Q12519398,-492.495
Q2490728,Ruzhintsi,Q2490728,-492.525
Q796186,Sumber,Q796186,-492.535
Q1026402,Meulaboh,Q1026402,-492.535
Q4199800,Wonosari,Q4199800,-492.585
Q2597198,Hayredin,Q2597198,-492.605
Q4251116,Taliwang,Q4251116,-492.625
Q1357603,Sanana,Q1357603,-492.63
Q27642,Parigi,Q27642,-492.635
Q967690,Praya,Q967690,-492.675
Q2578893,Teminabuan,Q2578893,-492.69
Q11314217,Sampang,Q11314217,-492.715
Q2469067,Boynitsa,Q2469067,-492.73
Q2657356,Sitovo,Q2657356,-492.735
Q3214552,Labuha,Q3214552,-492.755
Q216088,Central Cikarang,Q216088,-492.775
Q7780218,Jombang,Q7780218,-492.78
Q2565618,Borovan,Q2565618,-492.845
Q2913542,Pangururan,Q2913542,-492.845
Q4925113,Blangpidie,Q4925113,-492.85
Q807000,Bantul,Q807000,-492.87
Q3053702,Enarotali,Q3053702,-492.885
Q3670469,Batang,Q3670469,-492.89
Q2381003,Makresh,Q2381003,-492.915
Q1911163,Maumere,Q1911163,-492.92
Q5261637,Tanjung Redeb,Q5261637,-492.925
Q7107313,Bangkalan,Q7107313,-492.97
Q3550507,Kendal,Q3550507,-492.985
Q2509337,Kota Jantho,Q2509337,-492.985
Q2350241,Mineralni Bani,Q2350241,-493.005
Q12492328,Kayu Agung,Q12492328,-493.015
Q6930777,Muara Bulian,Q6930777,-493.03
Q2994082,Tsenovo,Q2994082,-493.035
Q2891928,Batusangkar,Q2891928,-493.04
Q4191528,Idi Rayeuk,Q4191528,-493.045
Q1722578,Kaloyanovo,Q1722578,-493.06
Q2817356,Sant Josep de sa Talaia,Q2817356,-493.065
Q10314293,Quibaxe,Q10314293,-493.085
Q4201414,Purbalingga,Q4201414,-493.095
Q3425451,Rengat,Q3425451,-493.105
Q2994055,Yakimovo,Q2994055,-493.115
Q5264910,Balige,Q5264910,-493.12
Q116213753,Puruk Cahu,Q116213753,-493.12
Q10990756,Tamiang Layang,Q10990756,-493.12
Q1576334,Ngamprah,Q1576334,-493.13
Q4192171,Ransiki,Q4192171,-493.135
Q31926034,Zaragoza City,Q31926034,-493.135
Q2994069,Mirkovo,Q2994069,-493.14
Q1895349,Sambas,Q1895349,-493.14
Q3113794,Weda,Q3113794,-493.145
Q4189818,Takengon,Q4189818,-493.155
Q252026,Woha,Q252026,-493.16
Q834594,South Tarogong,Q834594,-493.175
Q12492720,Kuala Kurun,Q12492720,-493.21
Q6684716,Buntok Kota,Q6684716,-493.25
Q1572843,Singaparna,Q1572843,-493.285
Q12504448,Penajam,Q12504448,-493.3
Q5265011,Kepahiang,Q5265011,-493.305
Q112937,Banteln,Q112937,-493.315
Q7635708,Sukadana,Q7635708,-493.375
Q628787,Hemleben,Q628787,-493.415
Q2152993,Luwuk,Q2152993,-493.42
Q4791365,Tapak Tuan,Q4791365,-493.43
Q11203975,Dolok Sanggul,Q11203975,-493.485
Q2361905,Barabai,Q2361905,-493.485
Q3964101,Karanganyar,Q3964101,-493.51
Q935789,Ivanovo,Q935789,-493.555
Q2657316,Opan,Q2657316,-493.58
Q19729450,Muara Teweh,Q19729450,-493.58
Q2141993,Kolonodale,Q2141993,-493.645
Q1589770,temporary capital of Lithuania,Q1589770,-493.665
Q12492716,Kuala Kapuas,Q12492716,-493.675
Q12489610,Karawang,Q12489610,-493.675
Q19727331,Kasongan,Q19727331,-493.7
Q2226778,Kota Waikabubak,Q2226778,-493.74
Q2831229,Meureudu,Q2831229,-493.755
Q13096255,Pulang Pisau,Q13096255,-493.81
Q1026405,Timika,Q1026405,-493.825
Q4194404,Gerung,Q4194404,-493.85
Q617695,Dreba,Q617695,-493.86
Q4192022,Sarmi,Q4192022,-493.86
Q2474681,Calang,Q2474681,-493.89
Q5733766,New Karang,Q5733766,-493.89
Q10853403,Kraksaan,Q10853403,-493.9
Q4196969,Banawa,Q4196969,-493.975
Q15073336,Sumedang,Q15073336,-493.975
Q9644909,Curup,Q9644909,-493.985
Q4560051,Baturaja,Q4560051,-494.01
Q781361,Kota Waingapu,Q781361,-494.035
Q7124853,Painan,Q7124853,-494.05
Q2288639,Selong,Q2288639,-494.055
Q2657344,Venets,Q2657344,-494.06
Q2336568,Trenggalek,Q2336568,-494.075
Q4197656,Batu Licin,Q4197656,-494.175
Q2456021,Purwodadi,Q2456021,-494.21
Q4271751,Tanjung Balai Karimun,Q4271751,-494.285
Q4192010,Fef,Q4192010,-494.29
Q6695697,Lubuk Pakam,Q6695697,-494.32
Q4190228,Kota Arga Makmur,Q4190228,-494.36
Q11773508,Sumenep,Q11773508,-494.37
Q2991507,Comunión-Komunioi,Q2991507,-494.385
Q5264937,Raya,Q5264937,-494.385
Q4198974,Panyabungan,Q4198974,-494.385
Q12523892,Waisai,Q12523892,-494.48
Q4747059,Amlapura,Q4747059,-494.515
Q4192395,Bintuni,Q4192395,-494.515
Q1719036,"Yerba Buena, Tucumán",Q1719036,-494.515
Q11293777,Kenyam,Q11293777,-494.53
Q12690431,Kota Manna,Q12690431,-494.55
Q3667568,Banjarnegara,Q3667568,-494.55
Q13467668,Ranai Kota,Q13467668,-494.56
Q2482083,Buol,Q2482083,-494.595
Q1311018,Eischen,Q1311018,-494.6
Q10317578,Pandan,Q10317578,-494.64
Q12482387,Elelim,Q12482387,-494.65
Q3057594,Kota Sigli,Q3057594,-494.65
Q12499990,Namrole,Q12499990,-494.7
Q1026497,Wasserbillig,Q1026497,-494.725
Q2343135,Sleman,Q2343135,-494.765
Q4899310,Rantau Prapat,Q4899310,-494.78
